sample_id	super_population	super_population_name	population	population_description	gender	family_id	relationship
HG00096	EUR	European	GBR	British in England and Scotland	male	HG00096	
HG00097	EUR	European	GBR	British in England and Scotland	female	HG00097	
HG00099	EUR	European	GBR	British in England and Scotland	female	HG00099	
HG00100	EUR	European	GBR	British in England and Scotland	female	HG00100	
HG00101	EUR	European	GBR	British in England and Scotland	male	HG00101	
HG00102	EUR	European	GBR	British in England and Scotland	female	HG00102	
HG00103	EUR	European	GBR	British in England and Scotland	male	HG00103	
HG00105	EUR	European	GBR	British in England and Scotland	male	HG00105	
HG00106	EUR	European	GBR	British in England and Scotland	female	HG00106	
HG00107	EUR	European	GBR	British in England and Scotland	male	HG00107	
HG00108	EUR	European	GBR	British in England and Scotland	male	HG00108	
HG00109	EUR	European	GBR	British in England and Scotland	male	HG00109	
HG00110	EUR	European	GBR	British in England and Scotland	female	HG00110	
HG00111	EUR	European	GBR	British in England and Scotland	female	HG00111	
HG00112	EUR	European	GBR	British in England and Scotland	male	HG00112	
HG00113	EUR	European	GBR	British in England and Scotland	male	HG00113	
HG00114	EUR	European	GBR	British in England and Scotland	male	HG00114	
HG00115	EUR	European	GBR	British in England and Scotland	male	HG00115	
HG00116	EUR	European	GBR	British in England and Scotland	male	HG00116	
HG00117	EUR	European	GBR	British in England and Scotland	male	HG00117	
HG00118	EUR	European	GBR	British in England and Scotland	female	HG00118	
HG00119	EUR	European	GBR	British in England and Scotland	male	HG00119	
HG00120	EUR	European	GBR	British in England and Scotland	female	HG00120	
HG00121	EUR	European	GBR	British in England and Scotland	female	HG00121	
HG00122	EUR	European	GBR	British in England and Scotland	female	HG00122	
HG00123	EUR	European	GBR	British in England and Scotland	female	HG00123	
HG00125	EUR	European	GBR	British in England and Scotland	female	HG00125	
HG00126	EUR	European	GBR	British in England and Scotland	male	HG00126	
HG00127	EUR	European	GBR	British in England and Scotland	female	HG00127	
HG00128	EUR	European	GBR	British in England and Scotland	female	HG00128	
HG00129	EUR	European	GBR	British in England and Scotland	male	HG00129	
HG00130	EUR	European	GBR	British in England and Scotland	female	HG00130	
HG00131	EUR	European	GBR	British in England and Scotland	male	HG00131	
HG00132	EUR	European	GBR	British in England and Scotland	female	HG00132	
HG00133	EUR	European	GBR	British in England and Scotland	female	HG00133	
HG00136	EUR	European	GBR	British in England and Scotland	male	HG00136	
HG00137	EUR	European	GBR	British in England and Scotland	female	HG00137	
HG00138	EUR	European	GBR	British in England and Scotland	male	HG00138	
HG00139	EUR	European	GBR	British in England and Scotland	male	HG00139	
HG00140	EUR	European	GBR	British in England and Scotland	male	HG00140	
HG00141	EUR	European	GBR	British in England and Scotland	male	HG00141	
HG00142	EUR	European	GBR	British in England and Scotland	male	HG00142	
HG00143	EUR	European	GBR	British in England and Scotland	male	HG00143	
HG00145	EUR	European	GBR	British in England and Scotland	male	HG00145	
HG00146	EUR	European	GBR	British in England and Scotland	female	GBR002	child
HG00148	EUR	European	GBR	British in England and Scotland	male	HG00148	
HG00149	EUR	European	GBR	British in England and Scotland	male	HG00149	
HG00150	EUR	European	GBR	British in England and Scotland	female	HG00150	
HG00151	EUR	European	GBR	British in England and Scotland	male	HG00151	
HG00154	EUR	European	GBR	British in England and Scotland	female	HG00154	
HG00155	EUR	European	GBR	British in England and Scotland	male	GBR001	Child
HG00157	EUR	European	GBR	British in England and Scotland	male	HG00157	
HG00158	EUR	European	GBR	British in England and Scotland	female	GBR003	mother
HG00159	EUR	European	GBR	British in England and Scotland	male	HG00159	
HG00160	EUR	European	GBR	British in England and Scotland	male	HG00160	
HG00171	EUR	European	FIN	Finnish in Finland	female	HG00171	
HG00173	EUR	European	FIN	Finnish in Finland	female	HG00173	
HG00174	EUR	European	FIN	Finnish in Finland	female	HG00174	
HG00176	EUR	European	FIN	Finnish in Finland	female	HG00176	
HG00177	EUR	European	FIN	Finnish in Finland	female	HG00177	
HG00178	EUR	European	FIN	Finnish in Finland	female	HG00178	
HG00179	EUR	European	FIN	Finnish in Finland	female	HG00179	
HG00180	EUR	European	FIN	Finnish in Finland	female	HG00180	
HG00181	EUR	European	FIN	Finnish in Finland	male	HG00181	
HG00182	EUR	European	FIN	Finnish in Finland	male	HG00182	
HG00183	EUR	European	FIN	Finnish in Finland	male	HG00183	
HG00185	EUR	European	FIN	Finnish in Finland	male	HG00185	
HG00186	EUR	European	FIN	Finnish in Finland	male	HG00186	
HG00187	EUR	European	FIN	Finnish in Finland	male	HG00187	
HG00188	EUR	European	FIN	Finnish in Finland	male	HG00188	
HG00189	EUR	European	FIN	Finnish in Finland	male	HG00189	
HG00190	EUR	European	FIN	Finnish in Finland	male	HG00190	
HG00231	EUR	European	GBR	British in England and Scotland	female	HG00231	
HG00232	EUR	European	GBR	British in England and Scotland	female	HG00232	
HG00233	EUR	European	GBR	British in England and Scotland	female	HG00233	
HG00234	EUR	European	GBR	British in England and Scotland	male	HG00234	
HG00235	EUR	European	GBR	British in England and Scotland	female	HG00235	
HG00236	EUR	European	GBR	British in England and Scotland	female	HG00236	
HG00237	EUR	European	GBR	British in England and Scotland	female	HG00237	
HG00238	EUR	European	GBR	British in England and Scotland	female	HG00238	
HG00239	EUR	European	GBR	British in England and Scotland	female	HG00239	
HG00240	EUR	European	GBR	British in England and Scotland	female	HG00240	
HG00242	EUR	European	GBR	British in England and Scotland	male	HG00242	
HG00243	EUR	European	GBR	British in England and Scotland	male	HG00243	
HG00244	EUR	European	GBR	British in England and Scotland	male	HG00244	
HG00245	EUR	European	GBR	British in England and Scotland	female	HG00245	
HG00246	EUR	European	GBR	British in England and Scotland	male	HG00246	
HG00250	EUR	European	GBR	British in England and Scotland	female	HG00250	
HG00251	EUR	European	GBR	British in England and Scotland	male	HG00251	
HG00252	EUR	European	GBR	British in England and Scotland	male	HG00252	
HG00253	EUR	European	GBR	British in England and Scotland	female	HG00253	
HG00254	EUR	European	GBR	British in England and Scotland	female	HG00254	
HG00255	EUR	European	GBR	British in England and Scotland	female	HG00255	
HG00256	EUR	European	GBR	British in England and Scotland	male	HG00256	
HG00257	EUR	European	GBR	British in England and Scotland	female	HG00257	
HG00258	EUR	European	GBR	British in England and Scotland	female	HG00258	
HG00259	EUR	European	GBR	British in England and Scotland	female	HG00259	
HG00260	EUR	European	GBR	British in England and Scotland	male	HG00260	
HG00261	EUR	European	GBR	British in England and Scotland	female	HG00261	
HG00262	EUR	European	GBR	British in England and Scotland	female	HG00262	
HG00263	EUR	European	GBR	British in England and Scotland	female	HG00263	
HG00264	EUR	European	GBR	British in England and Scotland	male	HG00264	
HG00265	EUR	European	GBR	British in England and Scotland	male	HG00265	
HG00266	EUR	European	FIN	Finnish in Finland	female	HG00266	
HG00267	EUR	European	FIN	Finnish in Finland	male	HG00267	
HG00268	EUR	European	FIN	Finnish in Finland	female	HG00268	
HG00269	EUR	European	FIN	Finnish in Finland	female	HG00269	
HG00271	EUR	European	FIN	Finnish in Finland	male	HG00271	
HG00272	EUR	European	FIN	Finnish in Finland	female	HG00272	
HG00273	EUR	European	FIN	Finnish in Finland	male	HG00273	
HG00274	EUR	European	FIN	Finnish in Finland	female	HG00274	
HG00275	EUR	European	FIN	Finnish in Finland	female	HG00275	
HG00276	EUR	European	FIN	Finnish in Finland	female	HG00276	
HG00277	EUR	European	FIN	Finnish in Finland	male	HG00277	
HG00278	EUR	European	FIN	Finnish in Finland	male	HG00278	
HG00280	EUR	European	FIN	Finnish in Finland	male	HG00280	
HG00281	EUR	European	FIN	Finnish in Finland	female	HG00281	
HG00282	EUR	European	FIN	Finnish in Finland	female	HG00282	
HG00284	EUR	European	FIN	Finnish in Finland	male	HG00284	
HG00285	EUR	European	FIN	Finnish in Finland	female	HG00285	
HG00288	EUR	European	FIN	Finnish in Finland	female	HG00288	unrel
HG00290	EUR	European	FIN	Finnish in Finland	male	HG00290	unrel
HG00304	EUR	European	FIN	Finnish in Finland	female	HG00304	unrel
HG00306	EUR	European	FIN	Finnish in Finland	female	HG00306	
HG00308	EUR	European	FIN	Finnish in Finland	male	HG00308	
HG00309	EUR	European	FIN	Finnish in Finland	female	HG00309	
HG00310	EUR	European	FIN	Finnish in Finland	male	HG00310	
HG00311	EUR	European	FIN	Finnish in Finland	male	HG00311	
HG00313	EUR	European	FIN	Finnish in Finland	female	HG00313	
HG00315	EUR	European	FIN	Finnish in Finland	female	HG00315	
HG00318	EUR	European	FIN	Finnish in Finland	female	HG00318	
HG00319	EUR	European	FIN	Finnish in Finland	female	HG00319	
HG00320	EUR	European	FIN	Finnish in Finland	female	HG00320	
HG00321	EUR	European	FIN	Finnish in Finland	male	HG00321	
HG00323	EUR	European	FIN	Finnish in Finland	female	HG00323	
HG00324	EUR	European	FIN	Finnish in Finland	female	HG00324	
HG00325	EUR	European	FIN	Finnish in Finland	male	HG00325	
HG00326	EUR	European	FIN	Finnish in Finland	female	HG00326	
HG00327	EUR	European	FIN	Finnish in Finland	female	HG00327	
HG00328	EUR	European	FIN	Finnish in Finland	female	HG00328	
HG00329	EUR	European	FIN	Finnish in Finland	male	HG00329	
HG00330	EUR	European	FIN	Finnish in Finland	female	HG00330	
HG00331	EUR	European	FIN	Finnish in Finland	female	HG00331	
HG00332	EUR	European	FIN	Finnish in Finland	female	HG00332	
HG00334	EUR	European	FIN	Finnish in Finland	female	HG00334	
HG00335	EUR	European	FIN	Finnish in Finland	male	HG00335	
HG00336	EUR	European	FIN	Finnish in Finland	male	HG00336	
HG00337	EUR	European	FIN	Finnish in Finland	female	HG00337	
HG00338	EUR	European	FIN	Finnish in Finland	male	HG00338	
HG00339	EUR	European	FIN	Finnish in Finland	female	HG00339	
HG00341	EUR	European	FIN	Finnish in Finland	male	HG00341	
HG00342	EUR	European	FIN	Finnish in Finland	male	HG00342	
HG00343	EUR	European	FIN	Finnish in Finland	female	HG00343	
HG00344	EUR	European	FIN	Finnish in Finland	female	HG00344	
HG00345	EUR	European	FIN	Finnish in Finland	male	HG00345	
HG00346	EUR	European	FIN	Finnish in Finland	female	HG00346	
HG00349	EUR	European	FIN	Finnish in Finland	female	HG00349	
HG00350	EUR	European	FIN	Finnish in Finland	female	HG00350	
HG00351	EUR	European	FIN	Finnish in Finland	male	HG00351	
HG00353	EUR	European	FIN	Finnish in Finland	female	HG00353	
HG00355	EUR	European	FIN	Finnish in Finland	female	HG00355	
HG00356	EUR	European	FIN	Finnish in Finland	female	HG00356	
HG00357	EUR	European	FIN	Finnish in Finland	female	HG00357	
HG00358	EUR	European	FIN	Finnish in Finland	male	HG00358	
HG00360	EUR	European	FIN	Finnish in Finland	male	HG00360	
HG00361	EUR	European	FIN	Finnish in Finland	female	HG00361	
HG00362	EUR	European	FIN	Finnish in Finland	female	HG00362	
HG00364	EUR	European	FIN	Finnish in Finland	female	HG00364	
HG00365	EUR	European	FIN	Finnish in Finland	female	HG00365	
HG00366	EUR	European	FIN	Finnish in Finland	male	HG00366	
HG00367	EUR	European	FIN	Finnish in Finland	female	HG00367	
HG00368	EUR	European	FIN	Finnish in Finland	female	HG00368	
HG00369	EUR	European	FIN	Finnish in Finland	male	HG00369	
HG00371	EUR	European	FIN	Finnish in Finland	male	HG00371	
HG00372	EUR	European	FIN	Finnish in Finland	male	HG00372	
HG00373	EUR	European	FIN	Finnish in Finland	female	HG00373	
HG00375	EUR	European	FIN	Finnish in Finland	male	HG00375	
HG00376	EUR	European	FIN	Finnish in Finland	female	HG00376	
HG00378	EUR	European	FIN	Finnish in Finland	female	HG00378	
HG00379	EUR	European	FIN	Finnish in Finland	female	HG00379	
HG00380	EUR	European	FIN	Finnish in Finland	female	HG00380	
HG00381	EUR	European	FIN	Finnish in Finland	female	HG00381	
HG00382	EUR	European	FIN	Finnish in Finland	male	HG00382	
HG00383	EUR	European	FIN	Finnish in Finland	female	HG00383	
HG00384	EUR	European	FIN	Finnish in Finland	female	HG00384	
HG00403	EAS	East Asian	CHS	Southern Han Chinese, China	male	SH001	father
HG00404	EAS	East Asian	CHS	Southern Han Chinese, China	female	SH001	mother
HG00406	EAS	East Asian	CHS	Southern Han Chinese, China	male	SH002	father
HG00407	EAS	East Asian	CHS	Southern Han Chinese, China	female	SH002	mother
HG00409	EAS	East Asian	CHS	Southern Han Chinese, China	male	SH003	father
HG00410	EAS	East Asian	CHS	Southern Han Chinese, China	female	SH003	mother
HG00419	EAS	East Asian	CHS	Southern Han Chinese, China	female	SH006	mother
HG00421	EAS	East Asian	CHS	Southern Han Chinese, China	male	SH007	father
HG00422	EAS	East Asian	CHS	Southern Han Chinese, China	female	SH007	mother
HG00428	EAS	East Asian	CHS	Southern Han Chinese, China	female	SH009	mother
HG00436	EAS	East Asian	CHS	Southern Han Chinese, China	male	SH012	father
HG00437	EAS	East Asian	CHS	Southern Han Chinese, China	female	SH012	mother
HG00442	EAS	East Asian	CHS	Southern Han Chinese, China	male	SH014	father
HG00443	EAS	East Asian	CHS	Southern Han Chinese, China	female	SH014	mother
HG00445	EAS	East Asian	CHS	Southern Han Chinese, China	male	SH015	father
HG00446	EAS	East Asian	CHS	Southern Han Chinese, China	female	SH015	mother
HG00448	EAS	East Asian	CHS	Southern Han Chinese, China	male	SH016	father
HG00449	EAS	East Asian	CHS	Southern Han Chinese, China	female	SH016	mother
HG00451	EAS	East Asian	CHS	Southern Han Chinese, China	male	SH017	father
HG00452	EAS	East Asian	CHS	Southern Han Chinese, China	female	SH017	mother
HG00457	EAS	East Asian	CHS	Southern Han Chinese, China	male	SH019	father
HG00458	EAS	East Asian	CHS	Southern Han Chinese, China	female	SH019	mother
HG00463	EAS	East Asian	CHS	Southern Han Chinese, China	male	SH021	father
HG00464	EAS	East Asian	CHS	Southern Han Chinese, China	female	SH021	mother
HG00472	EAS	East Asian	CHS	Southern Han Chinese, China	male	SH024	father
HG00473	EAS	East Asian	CHS	Southern Han Chinese, China	female	SH024	mother
HG00475	EAS	East Asian	CHS	Southern Han Chinese, China	male	SH025	father
HG00476	EAS	East Asian	CHS	Southern Han Chinese, China	female	SH025	mother
HG00478	EAS	East Asian	CHS	Southern Han Chinese, China	male	SH026	father
HG00479	EAS	East Asian	CHS	Southern Han Chinese, China	female	SH026	mother
HG00500	EAS	East Asian	CHS	Southern Han Chinese, China	male	SH028	father
HG00513	EAS	East Asian	CHS	Southern Han Chinese, China	female	SH032	mother
HG00524	EAS	East Asian	CHS	Southern Han Chinese, China	male	SH036	father
HG00525	EAS	East Asian	CHS	Southern Han Chinese, China	female	SH036	mother
HG00530	EAS	East Asian	CHS	Southern Han Chinese, China	male	SH038	father
HG00531	EAS	East Asian	CHS	Southern Han Chinese, China	female	SH038	mother
HG00533	EAS	East Asian	CHS	Southern Han Chinese, China	male	SH039	father
HG00534	EAS	East Asian	CHS	Southern Han Chinese, China	female	SH039	mother
HG00536	EAS	East Asian	CHS	Southern Han Chinese, China	male	SH040	father
HG00537	EAS	East Asian	CHS	Southern Han Chinese, China	female	SH040	mother
HG00542	EAS	East Asian	CHS	Southern Han Chinese, China	male	SH042	father
HG00543	EAS	East Asian	CHS	Southern Han Chinese, China	female	SH042	mother
HG00551	AMR	Admixed American	PUR	Puerto Rican in Puerto Rico	female	PR01	mother
HG00553	AMR	Admixed American	PUR	Puerto Rican in Puerto Rico	male	PR02	father
HG00554	AMR	Admixed American	PUR	Puerto Rican in Puerto Rico	female	PR02	mother
HG00556	EAS	East Asian	CHS	Southern Han Chinese, China	male	SH045	father
HG00557	EAS	East Asian	CHS	Southern Han Chinese, China	female	SH045	mother
HG00559	EAS	East Asian	CHS	Southern Han Chinese, China	male	SH046	father
HG00560	EAS	East Asian	CHS	Southern Han Chinese, China	female	SH046	mother
HG00565	EAS	East Asian	CHS	Southern Han Chinese, China	male	SH048	father
HG00566	EAS	East Asian	CHS	Southern Han Chinese, China	female	SH048	mother
HG00580	EAS	East Asian	CHS	Southern Han Chinese, China	male	SH053	father
HG00581	EAS	East Asian	CHS	Southern Han Chinese, China	female	SH053	mother
HG00583	EAS	East Asian	CHS	Southern Han Chinese, China	male	SH054	father
HG00584	EAS	East Asian	CHS	Southern Han Chinese, China	female	SH054	mother
HG00589	EAS	East Asian	CHS	Southern Han Chinese, China	male	SH056	father
HG00590	EAS	East Asian	CHS	Southern Han Chinese, China	female	SH056	mother
HG00592	EAS	East Asian	CHS	Southern Han Chinese, China	male	SH057	father
HG00593	EAS	East Asian	CHS	Southern Han Chinese, China	female	SH057	mother
HG00595	EAS	East Asian	CHS	Southern Han Chinese, China	male	SH058	father
HG00596	EAS	East Asian	CHS	Southern Han Chinese, China	female	SH058	mother
HG00598	EAS	East Asian	CHS	Southern Han Chinese, China	male	SH059	father
HG00599	EAS	East Asian	CHS	Southern Han Chinese, China	female	SH059	mother
HG00607	EAS	East Asian	CHS	Southern Han Chinese, China	male	SH062	father
HG00608	EAS	East Asian	CHS	Southern Han Chinese, China	female	SH062	mother
HG00610	EAS	East Asian	CHS	Southern Han Chinese, China	male	SH063	father
HG00611	EAS	East Asian	CHS	Southern Han Chinese, China	female	SH063	mother
HG00613	EAS	East Asian	CHS	Southern Han Chinese, China	male	SH064	father
HG00614	EAS	East Asian	CHS	Southern Han Chinese, China	female	SH064	mother
HG00619	EAS	East Asian	CHS	Southern Han Chinese, China	male	SH066	father
HG00620	EAS	East Asian	CHS	Southern Han Chinese, China	female	SH066	mother
HG00622	EAS	East Asian	CHS	Southern Han Chinese, China	male	SH067	father
HG00623	EAS	East Asian	CHS	Southern Han Chinese, China	female	SH067	mother
HG00625	EAS	East Asian	CHS	Southern Han Chinese, China	male	SH068	father
HG00626	EAS	East Asian	CHS	Southern Han Chinese, China	female	SH068	mother
HG00628	EAS	East Asian	CHS	Southern Han Chinese, China	male	SH069	father
HG00629	EAS	East Asian	CHS	Southern Han Chinese, China	female	SH069	mother
HG00631	EAS	East Asian	CHS	Southern Han Chinese, China	male	SH070	father
HG00632	EAS	East Asian	CHS	Southern Han Chinese, China	female	SH070	mother
HG00634	EAS	East Asian	CHS	Southern Han Chinese, China	male	SH071	father
HG00637	AMR	Admixed American	PUR	Puerto Rican in Puerto Rico	male	PR03	father
HG00638	AMR	Admixed American	PUR	Puerto Rican in Puerto Rico	female	PR03	mother
HG00640	AMR	Admixed American	PUR	Puerto Rican in Puerto Rico	male	PR04	father
HG00641	AMR	Admixed American	PUR	Puerto Rican in Puerto Rico	female	PR04	mother
HG00650	EAS	East Asian	CHS	Southern Han Chinese, China	male	SH072	father
HG00651	EAS	East Asian	CHS	Southern Han Chinese, China	female	SH072	mother
HG00653	EAS	East Asian	CHS	Southern Han Chinese, China	male	SH073	father
HG00654	EAS	East Asian	CHS	Southern Han Chinese, China	female	SH073	mother
HG00656	EAS	East Asian	CHS	Southern Han Chinese, China	male	SH074	father
HG00657	EAS	East Asian	CHS	Southern Han Chinese, China	female	SH074	mother
HG00662	EAS	East Asian	CHS	Southern Han Chinese, China	male	SH076	father
HG00663	EAS	East Asian	CHS	Southern Han Chinese, China	female	SH076	mother
HG00671	EAS	East Asian	CHS	Southern Han Chinese, China	male	SH079	father
HG00672	EAS	East Asian	CHS	Southern Han Chinese, China	female	SH079	mother
HG00674	EAS	East Asian	CHS	Southern Han Chinese, China	male	SH080	father
HG00675	EAS	East Asian	CHS	Southern Han Chinese, China	female	SH080	mother
HG00683	EAS	East Asian	CHS	Southern Han Chinese, China	male	SH083	father
HG00684	EAS	East Asian	CHS	Southern Han Chinese, China	female	SH083	mother
HG00689	EAS	East Asian	CHS	Southern Han Chinese, China	male	SH085	father
HG00690	EAS	East Asian	CHS	Southern Han Chinese, China	female	SH085	mother
HG00692	EAS	East Asian	CHS	Southern Han Chinese, China	male	SH086	father
HG00693	EAS	East Asian	CHS	Southern Han Chinese, China	female	SH086	mother
HG00698	EAS	East Asian	CHS	Southern Han Chinese, China	male	SH088	father
HG00699	EAS	East Asian	CHS	Southern Han Chinese, China	female	SH088	mother
HG00701	EAS	East Asian	CHS	Southern Han Chinese, China	male	SH089	father
HG00704	EAS	East Asian	CHS	Southern Han Chinese, China	male	SH090	father
HG00705	EAS	East Asian	CHS	Southern Han Chinese, China	female	SH090	mother
HG00707	EAS	East Asian	CHS	Southern Han Chinese, China	male	SH091	father
HG00708	EAS	East Asian	CHS	Southern Han Chinese, China	female	SH091	mother
HG00717	EAS	East Asian	CHS	Southern Han Chinese, China	female	SH094	mother
HG00728	EAS	East Asian	CHS	Southern Han Chinese, China	male	SH098	father
HG00729	EAS	East Asian	CHS	Southern Han Chinese, China	female	SH098	mother
HG00731	AMR	Admixed American	PUR	Puerto Rican in Puerto Rico	male	PR05	father
HG00732	AMR	Admixed American	PUR	Puerto Rican in Puerto Rico	female	PR05	mother
HG00734	AMR	Admixed American	PUR	Puerto Rican in Puerto Rico	female	PR06	mother
HG00736	AMR	Admixed American	PUR	Puerto Rican in Puerto Rico	male	PR07	father
HG00737	AMR	Admixed American	PUR	Puerto Rican in Puerto Rico	female	PR07	mother
HG00739	AMR	Admixed American	PUR	Puerto Rican in Puerto Rico	male	PR09	father
HG00740	AMR	Admixed American	PUR	Puerto Rican in Puerto Rico	female	PR09	mother
HG00742	AMR	Admixed American	PUR	Puerto Rican in Puerto Rico	male	PR10	father
HG00743	AMR	Admixed American	PUR	Puerto Rican in Puerto Rico	female	PR10	mother
HG00759	EAS	East Asian	CDX	Chinese Dai in Xishuangbanna, China	female	HG00759	
HG00766	EAS	East Asian	CDX	Chinese Dai in Xishuangbanna, China	female	HG00766	
HG00844	EAS	East Asian	CDX	Chinese Dai in Xishuangbanna, China	male	HG00844	
HG00851	EAS	East Asian	CDX	Chinese Dai in Xishuangbanna, China	female	HG00851	
HG00864	EAS	East Asian	CDX	Chinese Dai in Xishuangbanna, China	female	HG00864	
HG00867	EAS	East Asian	CDX	Chinese Dai in Xishuangbanna, China	female	CDX1	
HG00879	EAS	East Asian	CDX	Chinese Dai in Xishuangbanna, China	female	HG00879	
HG00881	EAS	East Asian	CDX	Chinese Dai in Xishuangbanna, China	male	HG00881	
HG00956	EAS	East Asian	CDX	Chinese Dai in Xishuangbanna, China	female	HG00956	
HG00978	EAS	East Asian	CDX	Chinese Dai in Xishuangbanna, China	female	HG00978	
HG00982	EAS	East Asian	CDX	Chinese Dai in Xishuangbanna, China	male	HG00982	
HG01028	EAS	East Asian	CDX	Chinese Dai in Xishuangbanna, China	male	HG01028	
HG01029	EAS	East Asian	CDX	Chinese Dai in Xishuangbanna, China	female	HG01029	
HG01031	EAS	East Asian	CDX	Chinese Dai in Xishuangbanna, China	male	HG01031	
HG01046	EAS	East Asian	CDX	Chinese Dai in Xishuangbanna, China	female	HG01046	
HG01047	AMR	Admixed American	PUR	Puerto Rican in Puerto Rico	male	PR06	father
HG01048	AMR	Admixed American	PUR	Puerto Rican in Puerto Rico	male	PR08	father
HG01049	AMR	Admixed American	PUR	Puerto Rican in Puerto Rico	female	PR08	mother
HG01051	AMR	Admixed American	PUR	Puerto Rican in Puerto Rico	male	PR11	father
HG01052	AMR	Admixed American	PUR	Puerto Rican in Puerto Rico	female	PR11	mother
HG01054	AMR	Admixed American	PUR	Puerto Rican in Puerto Rico	male	PR12	father
HG01055	AMR	Admixed American	PUR	Puerto Rican in Puerto Rico	female	PR12	mother
HG01058	AMR	Admixed American	PUR	Puerto Rican in Puerto Rico	female	PR13	mother
HG01060	AMR	Admixed American	PUR	Puerto Rican in Puerto Rico	male	PR14	father
HG01061	AMR	Admixed American	PUR	Puerto Rican in Puerto Rico	female	PR14	mother
HG01063	AMR	Admixed American	PUR	Puerto Rican in Puerto Rico	male	PR15	father
HG01064	AMR	Admixed American	PUR	Puerto Rican in Puerto Rico	female	PR15	mother
HG01066	AMR	Admixed American	PUR	Puerto Rican in Puerto Rico	male	PR16	father
HG01067	AMR	Admixed American	PUR	Puerto Rican in Puerto Rico	female	PR16	mother
HG01069	AMR	Admixed American	PUR	Puerto Rican in Puerto Rico	male	PR17	father
HG01070	AMR	Admixed American	PUR	Puerto Rican in Puerto Rico	female	PR17	mother
HG01072	AMR	Admixed American	PUR	Puerto Rican in Puerto Rico	male	PR18	father
HG01073	AMR	Admixed American	PUR	Puerto Rican in Puerto Rico	female	PR18	mother
HG01075	AMR	Admixed American	PUR	Puerto Rican in Puerto Rico	male	PR01	father
HG01077	AMR	Admixed American	PUR	Puerto Rican in Puerto Rico	female	PR20	mother
HG01079	AMR	Admixed American	PUR	Puerto Rican in Puerto Rico	male	PR21	father
HG01080	AMR	Admixed American	PUR	Puerto Rican in Puerto Rico	female	PR21	mother
HG01082	AMR	Admixed American	PUR	Puerto Rican in Puerto Rico	male	PR28	father
HG01083	AMR	Admixed American	PUR	Puerto Rican in Puerto Rico	female	PR28	mother
HG01085	AMR	Admixed American	PUR	Puerto Rican in Puerto Rico	male	PR26	father
HG01086	AMR	Admixed American	PUR	Puerto Rican in Puerto Rico	female	PR26	mother
HG01088	AMR	Admixed American	PUR	Puerto Rican in Puerto Rico	male	PR27	father
HG01089	AMR	Admixed American	PUR	Puerto Rican in Puerto Rico	female	PR27	mother
HG01092	AMR	Admixed American	PUR	Puerto Rican in Puerto Rico	female	PR30	mother
HG01094	AMR	Admixed American	PUR	Puerto Rican in Puerto Rico	male	PR29	father
HG01095	AMR	Admixed American	PUR	Puerto Rican in Puerto Rico	female	PR29	mother
HG01097	AMR	Admixed American	PUR	Puerto Rican in Puerto Rico	male	PR31	father
HG01098	AMR	Admixed American	PUR	Puerto Rican in Puerto Rico	female	PR31	mother
HG01101	AMR	Admixed American	PUR	Puerto Rican in Puerto Rico	male	PR19	father
HG01102	AMR	Admixed American	PUR	Puerto Rican in Puerto Rico	female	PR19	mother
HG01104	AMR	Admixed American	PUR	Puerto Rican in Puerto Rico	male	PR25	father
HG01105	AMR	Admixed American	PUR	Puerto Rican in Puerto Rico	female	PR25	mother
HG01107	AMR	Admixed American	PUR	Puerto Rican in Puerto Rico	male	PR33	father
HG01108	AMR	Admixed American	PUR	Puerto Rican in Puerto Rico	female	PR33	mother
HG01110	AMR	Admixed American	PUR	Puerto Rican in Puerto Rico	male	PR34	father
HG01111	AMR	Admixed American	PUR	Puerto Rican in Puerto Rico	female	PR34	mother
HG01112	AMR	Admixed American	CLM	Colombian in Medellin, Colombia	male	CLM03	father
HG01113	AMR	Admixed American	CLM	Colombian in Medellin, Colombia	female	CLM03	mother
HG01119	AMR	Admixed American	CLM	Colombian in Medellin, Colombia	female	CLM01	mother
HG01121	AMR	Admixed American	CLM	Colombian in Medellin, Colombia	male	CLM02	father
HG01122	AMR	Admixed American	CLM	Colombian in Medellin, Colombia	female	CLM02	mother
HG01124	AMR	Admixed American	CLM	Colombian in Medellin, Colombia	male	CLM04	father
HG01125	AMR	Admixed American	CLM	Colombian in Medellin, Colombia	female	CLM04	mother
HG01130	AMR	Admixed American	CLM	Colombian in Medellin, Colombia	male	CLM06	father
HG01131	AMR	Admixed American	CLM	Colombian in Medellin, Colombia	female	CLM06	mother
HG01133	AMR	Admixed American	CLM	Colombian in Medellin, Colombia	male	CLM07	father
HG01134	AMR	Admixed American	CLM	Colombian in Medellin, Colombia	female	CLM07	mother
HG01136	AMR	Admixed American	CLM	Colombian in Medellin, Colombia	male	CLM08	father
HG01137	AMR	Admixed American	CLM	Colombian in Medellin, Colombia	female	CLM08	mother
HG01139	AMR	Admixed American	CLM	Colombian in Medellin, Colombia	male	CLM09	father
HG01140	AMR	Admixed American	CLM	Colombian in Medellin, Colombia	female	CLM09	mother
HG01142	AMR	Admixed American	CLM	Colombian in Medellin, Colombia	male	CLM10	father
HG01148	AMR	Admixed American	CLM	Colombian in Medellin, Colombia	male	CLM12	father
HG01149	AMR	Admixed American	CLM	Colombian in Medellin, Colombia	female	CLM12	mother
HG01161	AMR	Admixed American	PUR	Puerto Rican in Puerto Rico	male	PR35	father
HG01162	AMR	Admixed American	PUR	Puerto Rican in Puerto Rico	female	PR35	mother
HG01164	AMR	Admixed American	PUR	Puerto Rican in Puerto Rico	male	PR37	father
HG01167	AMR	Admixed American	PUR	Puerto Rican in Puerto Rico	male	PR39	father
HG01168	AMR	Admixed American	PUR	Puerto Rican in Puerto Rico	female	PR39	mother
HG01170	AMR	Admixed American	PUR	Puerto Rican in Puerto Rico	male	PR24	father
HG01171	AMR	Admixed American	PUR	Puerto Rican in Puerto Rico	female	PR24	mother
HG01173	AMR	Admixed American	PUR	Puerto Rican in Puerto Rico	male	PR36	father
HG01174	AMR	Admixed American	PUR	Puerto Rican in Puerto Rico	female	PR36	mother
HG01176	AMR	Admixed American	PUR	Puerto Rican in Puerto Rico	male	PR42	father
HG01177	AMR	Admixed American	PUR	Puerto Rican in Puerto Rico	female	PR42	mother
HG01182	AMR	Admixed American	PUR	Puerto Rican in Puerto Rico	male	PR44	father
HG01183	AMR	Admixed American	PUR	Puerto Rican in Puerto Rico	female	PR44	mother
HG01187	AMR	Admixed American	PUR	Puerto Rican in Puerto Rico	male	PR38	father
HG01188	AMR	Admixed American	PUR	Puerto Rican in Puerto Rico	female	PR38	mother
HG01190	AMR	Admixed American	PUR	Puerto Rican in Puerto Rico	male	PR40	father
HG01191	AMR	Admixed American	PUR	Puerto Rican in Puerto Rico	female	PR40	mother
HG01197	AMR	Admixed American	PUR	Puerto Rican in Puerto Rico	male	PR46	father
HG01198	AMR	Admixed American	PUR	Puerto Rican in Puerto Rico	female	PR46	mother
HG01200	AMR	Admixed American	PUR	Puerto Rican in Puerto Rico	male	PR47	father
HG01204	AMR	Admixed American	PUR	Puerto Rican in Puerto Rico	male	PR49	father
HG01205	AMR	Admixed American	PUR	Puerto Rican in Puerto Rico	female	PR49	mother
HG01241	AMR	Admixed American	PUR	Puerto Rican in Puerto Rico	male	PR22	father
HG01242	AMR	Admixed American	PUR	Puerto Rican in Puerto Rico	female	PR22	mother
HG01247	AMR	Admixed American	PUR	Puerto Rican in Puerto Rico	male	PR32	father
HG01248	AMR	Admixed American	PUR	Puerto Rican in Puerto Rico	female	PR32	mother
HG01250	AMR	Admixed American	CLM	Colombian in Medellin, Colombia	male	CLM14	father
HG01251	AMR	Admixed American	CLM	Colombian in Medellin, Colombia	female	CLM14	mother
HG01253	AMR	Admixed American	CLM	Colombian in Medellin, Colombia	male	CLM15	father
HG01254	AMR	Admixed American	CLM	Colombian in Medellin, Colombia	female	CLM15	mother
HG01256	AMR	Admixed American	CLM	Colombian in Medellin, Colombia	male	CLM16	father
HG01257	AMR	Admixed American	CLM	Colombian in Medellin, Colombia	female	CLM16	mother
HG01259	AMR	Admixed American	CLM	Colombian in Medellin, Colombia	male	CLM17	father
HG01260	AMR	Admixed American	CLM	Colombian in Medellin, Colombia	female	CLM17	mother
HG01269	AMR	Admixed American	CLM	Colombian in Medellin, Colombia	female	CLM20	mother
HG01271	AMR	Admixed American	CLM	Colombian in Medellin, Colombia	male	CLM21	father
HG01272	AMR	Admixed American	CLM	Colombian in Medellin, Colombia	female	CLM21	mother
HG01275	AMR	Admixed American	CLM	Colombian in Medellin, Colombia	female	CLM22	mother
HG01277	AMR	Admixed American	CLM	Colombian in Medellin, Colombia	male	CLM23	father
HG01280	AMR	Admixed American	CLM	Colombian in Medellin, Colombia	male	CLM24	father
HG01281	AMR	Admixed American	CLM	Colombian in Medellin, Colombia	female	CLM24	mother
HG01284	AMR	Admixed American	CLM	Colombian in Medellin, Colombia	female	CLM25	mother
HG01286	AMR	Admixed American	PUR	Puerto Rican in Puerto Rico	male	PR58	father
HG01302	AMR	Admixed American	PUR	Puerto Rican in Puerto Rico	male	PR59	father
HG01303	AMR	Admixed American	PUR	Puerto Rican in Puerto Rico	female	PR59	mother
HG01305	AMR	Admixed American	PUR	Puerto Rican in Puerto Rico	male	PR61	father
HG01308	AMR	Admixed American	PUR	Puerto Rican in Puerto Rico	male	PR62	father
HG01311	AMR	Admixed American	PUR	Puerto Rican in Puerto Rico	male	PR63	father
HG01312	AMR	Admixed American	PUR	Puerto Rican in Puerto Rico	female	PR63	mother
HG01323	AMR	Admixed American	PUR	Puerto Rican in Puerto Rico	female	PR67	mother
HG01325	AMR	Admixed American	PUR	Puerto Rican in Puerto Rico	male	PR68	father
HG01326	AMR	Admixed American	PUR	Puerto Rican in Puerto Rico	female	PR68	mother
HG01334	EUR	European	GBR	British in England and Scotland	male	HG01334	
HG01341	AMR	Admixed American	CLM	Colombian in Medellin, Colombia	male	CLM26	father
HG01342	AMR	Admixed American	CLM	Colombian in Medellin, Colombia	female	CLM26	mother
HG01344	AMR	Admixed American	CLM	Colombian in Medellin, Colombia	male	CLM27	father
HG01345	AMR	Admixed American	CLM	Colombian in Medellin, Colombia	female	CLM27	mother
HG01348	AMR	Admixed American	CLM	Colombian in Medellin, Colombia	female	CLM28	mother
HG01350	AMR	Admixed American	CLM	Colombian in Medellin, Colombia	male	CLM29	father
HG01351	AMR	Admixed American	CLM	Colombian in Medellin, Colombia	female	CLM29	mother
HG01353	AMR	Admixed American	CLM	Colombian in Medellin, Colombia	male	CLM30	father
HG01354	AMR	Admixed American	CLM	Colombian in Medellin, Colombia	female	CLM30	mother
HG01356	AMR	Admixed American	CLM	Colombian in Medellin, Colombia	male	CLM31	father
HG01357	AMR	Admixed American	CLM	Colombian in Medellin, Colombia	female	CLM31	mother
HG01359	AMR	Admixed American	CLM	Colombian in Medellin, Colombia	male	CLM32	father
HG01360	AMR	Admixed American	CLM	Colombian in Medellin, Colombia	female	CLM32	mother
HG01362	AMR	Admixed American	CLM	Colombian in Medellin, Colombia	male	CLM33	father
HG01363	AMR	Admixed American	CLM	Colombian in Medellin, Colombia	female	CLM33	mother
HG01365	AMR	Admixed American	CLM	Colombian in Medellin, Colombia	male	CLM34	father
HG01366	AMR	Admixed American	CLM	Colombian in Medellin, Colombia	female	CLM34	mother
HG01369	AMR	Admixed American	CLM	Colombian in Medellin, Colombia	female	CLM35	mother
HG01372	AMR	Admixed American	CLM	Colombian in Medellin, Colombia	female	CLM36	mother
HG01374	AMR	Admixed American	CLM	Colombian in Medellin, Colombia	male	CLM37	father
HG01375	AMR	Admixed American	CLM	Colombian in Medellin, Colombia	female	CLM37	mother
HG01377	AMR	Admixed American	CLM	Colombian in Medellin, Colombia	male	CLM38	father
HG01378	AMR	Admixed American	CLM	Colombian in Medellin, Colombia	female	CLM38	mother
HG01383	AMR	Admixed American	CLM	Colombian in Medellin, Colombia	male	CLM40	father
HG01384	AMR	Admixed American	CLM	Colombian in Medellin, Colombia	female	CLM40	mother
HG01389	AMR	Admixed American	CLM	Colombian in Medellin, Colombia	male	CLM42	father
HG01390	AMR	Admixed American	CLM	Colombian in Medellin, Colombia	female	CLM42	mother
HG01392	AMR	Admixed American	PUR	Puerto Rican in Puerto Rico	male	PR70	father
HG01393	AMR	Admixed American	PUR	Puerto Rican in Puerto Rico	female	PR70	mother
HG01395	AMR	Admixed American	PUR	Puerto Rican in Puerto Rico	male	PR71	father
HG01396	AMR	Admixed American	PUR	Puerto Rican in Puerto Rico	female	PR71	mother
HG01398	AMR	Admixed American	PUR	Puerto Rican in Puerto Rico	male	PR72	father
HG01402	AMR	Admixed American	PUR	Puerto Rican in Puerto Rico	male	PR74	father
HG01403	AMR	Admixed American	PUR	Puerto Rican in Puerto Rico	female	PR74	mother
HG01405	AMR	Admixed American	PUR	Puerto Rican in Puerto Rico	male	PR75	father
HG01412	AMR	Admixed American	PUR	Puerto Rican in Puerto Rico	male	PR76	father
HG01413	AMR	Admixed American	PUR	Puerto Rican in Puerto Rico	male	PR78	father
HG01414	AMR	Admixed American	PUR	Puerto Rican in Puerto Rico	female	PR78	mother
HG01431	AMR	Admixed American	CLM	Colombian in Medellin, Colombia	male	CLM43	father
HG01432	AMR	Admixed American	CLM	Colombian in Medellin, Colombia	female	CLM43	mother
HG01435	AMR	Admixed American	CLM	Colombian in Medellin, Colombia	female	CLM44	mother
HG01437	AMR	Admixed American	CLM	Colombian in Medellin, Colombia	male	CLM45	father
HG01438	AMR	Admixed American	CLM	Colombian in Medellin, Colombia	female	CLM45	mother
HG01440	AMR	Admixed American	CLM	Colombian in Medellin, Colombia	male	CLM46a	father
HG01441	AMR	Admixed American	CLM	Colombian in Medellin, Colombia	female	CLM46	mother
HG01443	AMR	Admixed American	CLM	Colombian in Medellin, Colombia	male	CLM47	father
HG01444	AMR	Admixed American	CLM	Colombian in Medellin, Colombia	female	CLM47	mother
HG01447	AMR	Admixed American	CLM	Colombian in Medellin, Colombia	female	CLM48	mother
HG01455	AMR	Admixed American	CLM	Colombian in Medellin, Colombia	male	CLM51	father
HG01456	AMR	Admixed American	CLM	Colombian in Medellin, Colombia	female	CLM51	mother
HG01459	AMR	Admixed American	CLM	Colombian in Medellin, Colombia	female	CLM52	mother
HG01461	AMR	Admixed American	CLM	Colombian in Medellin, Colombia	male	CLM53	father
HG01462	AMR	Admixed American	CLM	Colombian in Medellin, Colombia	female	CLM53	mother
HG01464	AMR	Admixed American	CLM	Colombian in Medellin, Colombia	male	CLM54	father
HG01465	AMR	Admixed American	CLM	Colombian in Medellin, Colombia	female	CLM54	mother
HG01468	AMR	Admixed American	CLM	Colombian in Medellin, Colombia	female	CLM55	mother
HG01474	AMR	Admixed American	CLM	Colombian in Medellin, Colombia	female	CLM57	mother
HG01479	AMR	Admixed American	CLM	Colombian in Medellin, Colombia	male	CLM59	father
HG01485	AMR	Admixed American	CLM	Colombian in Medellin, Colombia	male	CLM61	father
HG01486	AMR	Admixed American	CLM	Colombian in Medellin, Colombia	female	CLM61	mother
HG01488	AMR	Admixed American	CLM	Colombian in Medellin, Colombia	male	CLM62	father
HG01489	AMR	Admixed American	CLM	Colombian in Medellin, Colombia	female	CLM62	mother
HG01491	AMR	Admixed American	CLM	Colombian in Medellin, Colombia	male	CLM63	father
HG01492	AMR	Admixed American	CLM	Colombian in Medellin, Colombia	female	CLM63	mother
HG01494	AMR	Admixed American	CLM	Colombian in Medellin, Colombia	male	CLM64	father
HG01495	AMR	Admixed American	CLM	Colombian in Medellin, Colombia	female	CLM64	mother
HG01497	AMR	Admixed American	CLM	Colombian in Medellin, Colombia	male	CLM65	father
HG01498	AMR	Admixed American	CLM	Colombian in Medellin, Colombia	female	CLM65	mother
HG01500	EUR	European	IBS	Iberian populations in Spain	male	IBS001	father
HG01501	EUR	European	IBS	Iberian populations in Spain	female	IBS001	mother
HG01503	EUR	European	IBS	Iberian populations in Spain	male	IBS002	father
HG01504	EUR	European	IBS	Iberian populations in Spain	female	IBS002	mother
HG01506	EUR	European	IBS	Iberian populations in Spain	male	IBS003	father
HG01507	EUR	European	IBS	Iberian populations in Spain	female	IBS003	mother
HG01509	EUR	European	IBS	Iberian populations in Spain	male	IBS004	father
HG01510	EUR	European	IBS	Iberian populations in Spain	female	IBS004	mother
HG01512	EUR	European	IBS	Iberian populations in Spain	male	IBS005	father
HG01513	EUR	European	IBS	Iberian populations in Spain	female	IBS005	mother
HG01515	EUR	European	IBS	Iberian populations in Spain	male	IBS006	father
HG01516	EUR	European	IBS	Iberian populations in Spain	female	IBS006	mother
HG01518	EUR	European	IBS	Iberian populations in Spain	male	IBS007	father
HG01519	EUR	European	IBS	Iberian populations in Spain	female	IBS007	mother
HG01521	EUR	European	IBS	Iberian populations in Spain	male	IBS008	father
HG01522	EUR	European	IBS	Iberian populations in Spain	female	IBS008	mother
HG01524	EUR	European	IBS	Iberian populations in Spain	male	IBS009	father
HG01525	EUR	European	IBS	Iberian populations in Spain	female	IBS009	mother
HG01527	EUR	European	IBS	Iberian populations in Spain	male	IBS010	father
HG01528	EUR	European	IBS	Iberian populations in Spain	female	IBS010	mother
HG01530	EUR	European	IBS	Iberian populations in Spain	male	IBS011	father
HG01531	EUR	European	IBS	Iberian populations in Spain	female	IBS011	mother
HG01536	EUR	European	IBS	Iberian populations in Spain	male	IBS013	father
HG01537	EUR	European	IBS	Iberian populations in Spain	female	IBS013	mother
HG01550	AMR	Admixed American	CLM	Colombian in Medellin, Colombia	male	CLM66	father
HG01551	AMR	Admixed American	CLM	Colombian in Medellin, Colombia	female	CLM66	mother
HG01556	AMR	Admixed American	CLM	Colombian in Medellin, Colombia	male	CLM68	father
HG01565	AMR	Admixed American	PEL	Peruvian in Lima, Peru	male	PEL001	father
HG01566	AMR	Admixed American	PEL	Peruvian in Lima, Peru	female	PEL001	mother
HG01571	AMR	Admixed American	PEL	Peruvian in Lima, Peru	male	PEL003	father
HG01572	AMR	Admixed American	PEL	Peruvian in Lima, Peru	female	PEL003	mother
HG01577	AMR	Admixed American	PEL	Peruvian in Lima, Peru	male	PEL005	father
HG01578	AMR	Admixed American	PEL	Peruvian in Lima, Peru	female	PEL005	mother
HG01583	SAS	South Asian	PJL	Punjabi in Lahore,Pakistan	male	PK02	father
HG01586	SAS	South Asian	PJL	Punjabi in Lahore,Pakistan	male	PK03	father
HG01589	SAS	South Asian	PJL	Punjabi in Lahore,Pakistan	male	PK04	father
HG01593	SAS	South Asian	PJL	Punjabi in Lahore,Pakistan	female	PK05	mother
HG01595	EAS	East Asian	KHV	Kinh in Ho Chi Minh City, Vietnam	female	VN001	
HG01596	EAS	East Asian	KHV	Kinh in Ho Chi Minh City, Vietnam	male	VN002	
HG01597	EAS	East Asian	KHV	Kinh in Ho Chi Minh City, Vietnam	female	VN003	
HG01598	EAS	East Asian	KHV	Kinh in Ho Chi Minh City, Vietnam	female	VN004	
HG01599	EAS	East Asian	KHV	Kinh in Ho Chi Minh City, Vietnam	female	VN005	
HG01600	EAS	East Asian	KHV	Kinh in Ho Chi Minh City, Vietnam	female	VN006	
HG01602	EUR	European	IBS	Iberian populations in Spain	female	IBS024	mother
HG01603	EUR	European	IBS	Iberian populations in Spain	male	IBS024	father
HG01605	EUR	European	IBS	Iberian populations in Spain	female	IBS023	mother
HG01606	EUR	European	IBS	Iberian populations in Spain	male	IBS023	father
HG01607	EUR	European	IBS	Iberian populations in Spain	female	IBS022	mother
HG01608	EUR	European	IBS	Iberian populations in Spain	male	IBS022	father
HG01610	EUR	European	IBS	Iberian populations in Spain	male	IBS021	father
HG01612	EUR	European	IBS	Iberian populations in Spain	female	IBS021	mother
HG01613	EUR	European	IBS	Iberian populations in Spain	female	IBS020	mother
HG01615	EUR	European	IBS	Iberian populations in Spain	male	IBS020	father
HG01617	EUR	European	IBS	Iberian populations in Spain	male	IBS019	father
HG01618	EUR	European	IBS	Iberian populations in Spain	female	IBS019	mother
HG01619	EUR	European	IBS	Iberian populations in Spain	male	IBS018	father
HG01620	EUR	European	IBS	Iberian populations in Spain	female	IBS018	mother
HG01623	EUR	European	IBS	Iberian populations in Spain	female	IBS017	mother
HG01624	EUR	European	IBS	Iberian populations in Spain	male	IBS017	father
HG01625	EUR	European	IBS	Iberian populations in Spain	male	IBS016	father
HG01626	EUR	European	IBS	Iberian populations in Spain	female	IBS016	mother
HG01628	EUR	European	IBS	Iberian populations in Spain	female	IBS015	mother
HG01630	EUR	European	IBS	Iberian populations in Spain	male	IBS015	father
HG01631	EUR	European	IBS	Iberian populations in Spain	male	IBS014	father
HG01632	EUR	European	IBS	Iberian populations in Spain	female	IBS014	mother
HG01668	EUR	European	IBS	Iberian populations in Spain	female	IBS025	mother
HG01669	EUR	European	IBS	Iberian populations in Spain	male	IBS025	father
HG01670	EUR	European	IBS	Iberian populations in Spain	female	IBS026	mother
HG01672	EUR	European	IBS	Iberian populations in Spain	male	IBS026	father
HG01673	EUR	European	IBS	Iberian populations in Spain	female	IBS027	mother
HG01675	EUR	European	IBS	Iberian populations in Spain	male	IBS027	father
HG01676	EUR	European	IBS	Iberian populations in Spain	female	IBS028	mother
HG01678	EUR	European	IBS	Iberian populations in Spain	male	IBS028	father
HG01679	EUR	European	IBS	Iberian populations in Spain	female	IBS029	mother
HG01680	EUR	European	IBS	Iberian populations in Spain	male	IBS029	father
HG01682	EUR	European	IBS	Iberian populations in Spain	male	IBS030	father
HG01684	EUR	European	IBS	Iberian populations in Spain	female	IBS030	mother
HG01685	EUR	European	IBS	Iberian populations in Spain	female	IBS031	mother
HG01686	EUR	European	IBS	Iberian populations in Spain	male	IBS031	father
HG01694	EUR	European	IBS	Iberian populations in Spain	male	IBS034	father
HG01695	EUR	European	IBS	Iberian populations in Spain	female	IBS034	mother
HG01697	EUR	European	IBS	Iberian populations in Spain	female	IBS035	mother
HG01699	EUR	European	IBS	Iberian populations in Spain	male	IBS035	father
HG01700	EUR	European	IBS	Iberian populations in Spain	male	IBS036	father
HG01702	EUR	European	IBS	Iberian populations in Spain	female	IBS036	mother
HG01704	EUR	European	IBS	Iberian populations in Spain	female	IBS037	mother
HG01705	EUR	European	IBS	Iberian populations in Spain	male	IBS037	father
HG01707	EUR	European	IBS	Iberian populations in Spain	female	IBS038	mother
HG01708	EUR	European	IBS	Iberian populations in Spain	male	IBS038	father
HG01709	EUR	European	IBS	Iberian populations in Spain	male	IBS039	father
HG01710	EUR	European	IBS	Iberian populations in Spain	female	IBS039	mother
HG01746	EUR	European	IBS	Iberian populations in Spain	female	IBS041	mother
HG01747	EUR	European	IBS	Iberian populations in Spain	male	IBS041	father
HG01756	EUR	European	IBS	Iberian populations in Spain	male	IBS044	father
HG01757	EUR	European	IBS	Iberian populations in Spain	female	IBS044	mother
HG01761	EUR	European	IBS	Iberian populations in Spain	male	IBS046	father
HG01762	EUR	European	IBS	Iberian populations in Spain	female	IBS046	mother
HG01765	EUR	European	IBS	Iberian populations in Spain	male	IBS047	father
HG01766	EUR	European	IBS	Iberian populations in Spain	female	IBS047	mother
HG01767	EUR	European	IBS	Iberian populations in Spain	male	IBS048	father
HG01768	EUR	European	IBS	Iberian populations in Spain	female	IBS048	mother
HG01770	EUR	European	IBS	Iberian populations in Spain	female	IBS049	mother
HG01771	EUR	European	IBS	Iberian populations in Spain	male	IBS049	father
HG01773	EUR	European	IBS	Iberian populations in Spain	female	IBS050	mother
HG01775	EUR	European	IBS	Iberian populations in Spain	male	IBS050	father
HG01776	EUR	European	IBS	Iberian populations in Spain	female	IBS051	mother
HG01777	EUR	European	IBS	Iberian populations in Spain	male	IBS051	father
HG01779	EUR	European	IBS	Iberian populations in Spain	female	IBS052	mother
HG01781	EUR	European	IBS	Iberian populations in Spain	male	IBS052	father
HG01783	EUR	European	IBS	Iberian populations in Spain	male	IBS053	father
HG01784	EUR	European	IBS	Iberian populations in Spain	female	IBS053	mother
HG01785	EUR	European	IBS	Iberian populations in Spain	male	IBS054	father
HG01786	EUR	European	IBS	Iberian populations in Spain	female	IBS054	mother
HG01789	EUR	European	GBR	British in England and Scotland	male	HG01789	
HG01790	EUR	European	GBR	British in England and Scotland	female	HG01790	
HG01791	EUR	European	GBR	British in England and Scotland	male	HG01791	
HG01794	EAS	East Asian	CDX	Chinese Dai in Xishuangbanna, China	female	HG01794	
HG01795	EAS	East Asian	CDX	Chinese Dai in Xishuangbanna, China	female	HG01795	
HG01796	EAS	East Asian	CDX	Chinese Dai in Xishuangbanna, China	female	HG01796	
HG01797	EAS	East Asian	CDX	Chinese Dai in Xishuangbanna, China	female	HG01797	
HG01798	EAS	East Asian	CDX	Chinese Dai in Xishuangbanna, China	female	HG01798	
HG01799	EAS	East Asian	CDX	Chinese Dai in Xishuangbanna, China	female	HG01799	
HG01800	EAS	East Asian	CDX	Chinese Dai in Xishuangbanna, China	female	HG01800	
HG01801	EAS	East Asian	CDX	Chinese Dai in Xishuangbanna, China	female	HG01801	
HG01802	EAS	East Asian	CDX	Chinese Dai in Xishuangbanna, China	female	HG01802	
HG01804	EAS	East Asian	CDX	Chinese Dai in Xishuangbanna, China	female	HG01804	
HG01805	EAS	East Asian	CDX	Chinese Dai in Xishuangbanna, China	female	HG01805	
HG01806	EAS	East Asian	CDX	Chinese Dai in Xishuangbanna, China	female	HG01806	
HG01807	EAS	East Asian	CDX	Chinese Dai in Xishuangbanna, China	female	HG01807	
HG01808	EAS	East Asian	CDX	Chinese Dai in Xishuangbanna, China	female	HG01808	
HG01809	EAS	East Asian	CDX	Chinese Dai in Xishuangbanna, China	female	HG01809	
HG01810	EAS	East Asian	CDX	Chinese Dai in Xishuangbanna, China	male	HG01810	
HG01811	EAS	East Asian	CDX	Chinese Dai in Xishuangbanna, China	male	HG01811	
HG01812	EAS	East Asian	CDX	Chinese Dai in Xishuangbanna, China	female	HG01812	
HG01813	EAS	East Asian	CDX	Chinese Dai in Xishuangbanna, China	female	HG01813	
HG01815	EAS	East Asian	CDX	Chinese Dai in Xishuangbanna, China	female	HG01815	
HG01816	EAS	East Asian	CDX	Chinese Dai in Xishuangbanna, China	male	HG01816	
HG01817	EAS	East Asian	CDX	Chinese Dai in Xishuangbanna, China	female	HG01817	
HG01840	EAS	East Asian	KHV	Kinh in Ho Chi Minh City, Vietnam	male	VN007	
HG01841	EAS	East Asian	KHV	Kinh in Ho Chi Minh City, Vietnam	female	VN008	
HG01842	EAS	East Asian	KHV	Kinh in Ho Chi Minh City, Vietnam	male	VN009	
HG01843	EAS	East Asian	KHV	Kinh in Ho Chi Minh City, Vietnam	female	VN010	
HG01844	EAS	East Asian	KHV	Kinh in Ho Chi Minh City, Vietnam	male	VN011	
HG01845	EAS	East Asian	KHV	Kinh in Ho Chi Minh City, Vietnam	female	VN012	
HG01846	EAS	East Asian	KHV	Kinh in Ho Chi Minh City, Vietnam	male	VN013	
HG01847	EAS	East Asian	KHV	Kinh in Ho Chi Minh City, Vietnam	female	VN014	
HG01848	EAS	East Asian	KHV	Kinh in Ho Chi Minh City, Vietnam	female	VN015	
HG01849	EAS	East Asian	KHV	Kinh in Ho Chi Minh City, Vietnam	male	VN016	
HG01850	EAS	East Asian	KHV	Kinh in Ho Chi Minh City, Vietnam	female	VN017	
HG01851	EAS	East Asian	KHV	Kinh in Ho Chi Minh City, Vietnam	female	VN018	
HG01852	EAS	East Asian	KHV	Kinh in Ho Chi Minh City, Vietnam	male	VN019	
HG01853	EAS	East Asian	KHV	Kinh in Ho Chi Minh City, Vietnam	female	VN020	
HG01855	EAS	East Asian	KHV	Kinh in Ho Chi Minh City, Vietnam	female	VN022	
HG01857	EAS	East Asian	KHV	Kinh in Ho Chi Minh City, Vietnam	female	VN024	
HG01858	EAS	East Asian	KHV	Kinh in Ho Chi Minh City, Vietnam	female	VN025	
HG01859	EAS	East Asian	KHV	Kinh in Ho Chi Minh City, Vietnam	female	VN026	
HG01860	EAS	East Asian	KHV	Kinh in Ho Chi Minh City, Vietnam	male	VN027	
HG01861	EAS	East Asian	KHV	Kinh in Ho Chi Minh City, Vietnam	male	VN028	
HG01862	EAS	East Asian	KHV	Kinh in Ho Chi Minh City, Vietnam	female	VN029	
HG01863	EAS	East Asian	KHV	Kinh in Ho Chi Minh City, Vietnam	female	VN030	
HG01864	EAS	East Asian	KHV	Kinh in Ho Chi Minh City, Vietnam	male	VN031	
HG01865	EAS	East Asian	KHV	Kinh in Ho Chi Minh City, Vietnam	male	VN032	
HG01866	EAS	East Asian	KHV	Kinh in Ho Chi Minh City, Vietnam	male	VN033	
HG01867	EAS	East Asian	KHV	Kinh in Ho Chi Minh City, Vietnam	male	VN034	
HG01868	EAS	East Asian	KHV	Kinh in Ho Chi Minh City, Vietnam	female	VN035	
HG01869	EAS	East Asian	KHV	Kinh in Ho Chi Minh City, Vietnam	female	VN036	
HG01870	EAS	East Asian	KHV	Kinh in Ho Chi Minh City, Vietnam	female	VN037	
HG01871	EAS	East Asian	KHV	Kinh in Ho Chi Minh City, Vietnam	female	VN038	
HG01872	EAS	East Asian	KHV	Kinh in Ho Chi Minh City, Vietnam	male	VN039	
HG01873	EAS	East Asian	KHV	Kinh in Ho Chi Minh City, Vietnam	male	VN040	
HG01874	EAS	East Asian	KHV	Kinh in Ho Chi Minh City, Vietnam	female	VN041	
HG01878	EAS	East Asian	KHV	Kinh in Ho Chi Minh City, Vietnam	female	VN045	
HG01879	AFR	African	ACB	African Caribbean in Barbados	male	BB01	father
HG01880	AFR	African	ACB	African Caribbean in Barbados	female	BB01	mother
HG01882	AFR	African	ACB	African Caribbean in Barbados	male	BB02	father
HG01883	AFR	African	ACB	African Caribbean in Barbados	female	BB02	mother
HG01885	AFR	African	ACB	African Caribbean in Barbados	male	BB03	father
HG01886	AFR	African	ACB	African Caribbean in Barbados	female	BB04	mother
HG01889	AFR	African	ACB	African Caribbean in Barbados	female	BB05	mother
HG01890	AFR	African	ACB	African Caribbean in Barbados	male	BB05	father
HG01892	AMR	Admixed American	PEL	Peruvian in Lima, Peru	male	PEL007	father
HG01893	AMR	Admixed American	PEL	Peruvian in Lima, Peru	female	PEL007	mother
HG01894	AFR	African	ACB	African Caribbean in Barbados	female	BB06	mother
HG01896	AFR	African	ACB	African Caribbean in Barbados	female	BB07	mother
HG01912	AFR	African	ACB	African Caribbean in Barbados	male	BB06	father
HG01914	AFR	African	ACB	African Caribbean in Barbados	male	BB09	father
HG01915	AFR	African	ACB	African Caribbean in Barbados	female	BB09	mother
HG01917	AMR	Admixed American	PEL	Peruvian in Lima, Peru	male	PEL006	father
HG01918	AMR	Admixed American	PEL	Peruvian in Lima, Peru	female	PEL006	mother
HG01920	AMR	Admixed American	PEL	Peruvian in Lima, Peru	male	PEL009	father
HG01921	AMR	Admixed American	PEL	Peruvian in Lima, Peru	female	PEL009	mother
HG01923	AMR	Admixed American	PEL	Peruvian in Lima, Peru	male	PEL010	father
HG01924	AMR	Admixed American	PEL	Peruvian in Lima, Peru	female	PEL010	mother
HG01926	AMR	Admixed American	PEL	Peruvian in Lima, Peru	male	PEL011	father
HG01927	AMR	Admixed American	PEL	Peruvian in Lima, Peru	female	PEL011	mother
HG01932	AMR	Admixed American	PEL	Peruvian in Lima, Peru	male	PEL013	father
HG01933	AMR	Admixed American	PEL	Peruvian in Lima, Peru	female	PEL013	mother
HG01935	AMR	Admixed American	PEL	Peruvian in Lima, Peru	male	PEL014	father
HG01936	AMR	Admixed American	PEL	Peruvian in Lima, Peru	female	PEL014	mother
HG01938	AMR	Admixed American	PEL	Peruvian in Lima, Peru	male	PEL015	father
HG01939	AMR	Admixed American	PEL	Peruvian in Lima, Peru	female	PEL015	mother
HG01941	AMR	Admixed American	PEL	Peruvian in Lima, Peru	male	PEL016	father
HG01942	AMR	Admixed American	PEL	Peruvian in Lima, Peru	female	PEL016	mother
HG01944	AMR	Admixed American	PEL	Peruvian in Lima, Peru	male	PEL017	father
HG01945	AMR	Admixed American	PEL	Peruvian in Lima, Peru	female	PEL017	mother
HG01947	AMR	Admixed American	PEL	Peruvian in Lima, Peru	male	PEL018	father
HG01948	AMR	Admixed American	PEL	Peruvian in Lima, Peru	female	PEL018	mother
HG01950	AMR	Admixed American	PEL	Peruvian in Lima, Peru	male	PEL019	father
HG01951	AMR	Admixed American	PEL	Peruvian in Lima, Peru	female	PEL019	mother
HG01953	AMR	Admixed American	PEL	Peruvian in Lima, Peru	male	PEL020	father
HG01954	AMR	Admixed American	PEL	Peruvian in Lima, Peru	female	PEL020	mother
HG01956	AFR	African	ACB	African Caribbean in Barbados	female	BB03	mother
HG01958	AFR	African	ACB	African Caribbean in Barbados	female	BB10	mother
HG01961	AMR	Admixed American	PEL	Peruvian in Lima, Peru	male	PEL21	father
HG01965	AMR	Admixed American	PEL	Peruvian in Lima, Peru	female	PEL22	mother
HG01967	AMR	Admixed American	PEL	Peruvian in Lima, Peru	male	PEL023	father
HG01968	AMR	Admixed American	PEL	Peruvian in Lima, Peru	female	PEL023	mother
HG01970	AMR	Admixed American	PEL	Peruvian in Lima, Peru	male	PEL024	father
HG01971	AMR	Admixed American	PEL	Peruvian in Lima, Peru	female	PEL024	mother
HG01973	AMR	Admixed American	PEL	Peruvian in Lima, Peru	female	PEL25	mother
HG01974	AMR	Admixed American	PEL	Peruvian in Lima, Peru	male	PEL25	father
HG01976	AMR	Admixed American	PEL	Peruvian in Lima, Peru	female	PEL26	mother
HG01977	AMR	Admixed American	PEL	Peruvian in Lima, Peru	male	PEL26	father
HG01979	AMR	Admixed American	PEL	Peruvian in Lima, Peru	male	PEL27	father
HG01980	AMR	Admixed American	PEL	Peruvian in Lima, Peru	female	PEL27	mother
HG01982	AMR	Admixed American	PEL	Peruvian in Lima, Peru	male	PEL28	father
HG01985	AFR	African	ACB	African Caribbean in Barbados	female	BB08	
HG01986	AFR	African	ACB	African Caribbean in Barbados	male	BB10	father
HG01988	AFR	African	ACB	African Caribbean in Barbados	male	BB11	father
HG01989	AFR	African	ACB	African Caribbean in Barbados	female	BB11	mother
HG01990	AFR	African	ACB	African Caribbean in Barbados	male	BB12	father
HG01991	AMR	Admixed American	PEL	Peruvian in Lima, Peru	male	PEL29	father
HG01992	AMR	Admixed American	PEL	Peruvian in Lima, Peru	female	PEL29	mother
HG01997	AMR	Admixed American	PEL	Peruvian in Lima, Peru	female	PEL31	mother
HG02002	AMR	Admixed American	PEL	Peruvian in Lima, Peru	male	PEL33	father
HG02003	AMR	Admixed American	PEL	Peruvian in Lima, Peru	female	PEL33	mother
HG02006	AMR	Admixed American	PEL	Peruvian in Lima, Peru	female	PEL34	child
HG02008	AMR	Admixed American	PEL	Peruvian in Lima, Peru	male	PEL31	father
HG02009	AFR	African	ACB	African Caribbean in Barbados	male	BB13	father
HG02010	AFR	African	ACB	African Caribbean in Barbados	female	BB13	mother
HG02012	AFR	African	ACB	African Caribbean in Barbados	female	BB12	mother
HG02013	AFR	African	ACB	African Caribbean in Barbados	male	BB07	father
HG02014	AFR	African	ACB	African Caribbean in Barbados	male	BB04	father
HG02016	EAS	East Asian	KHV	Kinh in Ho Chi Minh City, Vietnam	female	VN046	mother
HG02017	EAS	East Asian	KHV	Kinh in Ho Chi Minh City, Vietnam	male	VN046	father
HG02019	EAS	East Asian	KHV	Kinh in Ho Chi Minh City, Vietnam	female	VN047	mother
HG02020	EAS	East Asian	KHV	Kinh in Ho Chi Minh City, Vietnam	male	VN047	father
HG02023	EAS	East Asian	KHV	Kinh in Ho Chi Minh City, Vietnam	male	VN048	father
HG02025	EAS	East Asian	KHV	Kinh in Ho Chi Minh City, Vietnam	female	VN049	mother
HG02026	EAS	East Asian	KHV	Kinh in Ho Chi Minh City, Vietnam	male	VN049	father
HG02028	EAS	East Asian	KHV	Kinh in Ho Chi Minh City, Vietnam	female	VN050	mother
HG02029	EAS	East Asian	KHV	Kinh in Ho Chi Minh City, Vietnam	male	VN050	father
HG02031	EAS	East Asian	KHV	Kinh in Ho Chi Minh City, Vietnam	female	VN051	mother
HG02032	EAS	East Asian	KHV	Kinh in Ho Chi Minh City, Vietnam	male	VN051	father
HG02035	EAS	East Asian	KHV	Kinh in Ho Chi Minh City, Vietnam	male	VN052	
HG02040	EAS	East Asian	KHV	Kinh in Ho Chi Minh City, Vietnam	male	VN054	
HG02047	EAS	East Asian	KHV	Kinh in Ho Chi Minh City, Vietnam	male	VN056	
HG02048	EAS	East Asian	KHV	Kinh in Ho Chi Minh City, Vietnam	female	VN057	
HG02049	EAS	East Asian	KHV	Kinh in Ho Chi Minh City, Vietnam	female	VN058	
HG02050	EAS	East Asian	KHV	Kinh in Ho Chi Minh City, Vietnam	male	VN059	
HG02051	AFR	African	ACB	African Caribbean in Barbados	male	BB14	
HG02052	AFR	African	ACB	African Caribbean in Barbados	female	BB14	
HG02053	AFR	African	ACB	African Caribbean in Barbados	male	BB15	father
HG02054	AFR	African	ACB	African Caribbean in Barbados	female	BB15	mother
HG02057	EAS	East Asian	KHV	Kinh in Ho Chi Minh City, Vietnam	female	VN060	mother
HG02058	EAS	East Asian	KHV	Kinh in Ho Chi Minh City, Vietnam	male	VN060	father
HG02060	EAS	East Asian	KHV	Kinh in Ho Chi Minh City, Vietnam	female	VN061	mother
HG02061	EAS	East Asian	KHV	Kinh in Ho Chi Minh City, Vietnam	male	VN061	father
HG02064	EAS	East Asian	KHV	Kinh in Ho Chi Minh City, Vietnam	male	VN062	
HG02067	EAS	East Asian	KHV	Kinh in Ho Chi Minh City, Vietnam	male	VN063	
HG02069	EAS	East Asian	KHV	Kinh in Ho Chi Minh City, Vietnam	female	VN064	mother
HG02070	EAS	East Asian	KHV	Kinh in Ho Chi Minh City, Vietnam	male	VN064	father
HG02072	EAS	East Asian	KHV	Kinh in Ho Chi Minh City, Vietnam	female	VN065	mother
HG02073	EAS	East Asian	KHV	Kinh in Ho Chi Minh City, Vietnam	male	VN065	father
HG02075	EAS	East Asian	KHV	Kinh in Ho Chi Minh City, Vietnam	female	VN066	mother
HG02076	EAS	East Asian	KHV	Kinh in Ho Chi Minh City, Vietnam	male	VN066	father
HG02078	EAS	East Asian	KHV	Kinh in Ho Chi Minh City, Vietnam	female	VN067	mother
HG02079	EAS	East Asian	KHV	Kinh in Ho Chi Minh City, Vietnam	male	VN067	father
HG02081	EAS	East Asian	KHV	Kinh in Ho Chi Minh City, Vietnam	female	VN068	mother
HG02082	EAS	East Asian	KHV	Kinh in Ho Chi Minh City, Vietnam	male	VN068	father
HG02084	EAS	East Asian	KHV	Kinh in Ho Chi Minh City, Vietnam	female	VN069	mother
HG02085	EAS	East Asian	KHV	Kinh in Ho Chi Minh City, Vietnam	male	VN069	father
HG02086	EAS	East Asian	KHV	Kinh in Ho Chi Minh City, Vietnam	female	VN070	
HG02087	EAS	East Asian	KHV	Kinh in Ho Chi Minh City, Vietnam	female	VN071	
HG02088	EAS	East Asian	KHV	Kinh in Ho Chi Minh City, Vietnam	male	VN072	
HG02089	AMR	Admixed American	PEL	Peruvian in Lima, Peru	female	PEL35	mother
HG02090	AMR	Admixed American	PEL	Peruvian in Lima, Peru	male	PEL35	father
HG02095	AFR	African	ACB	African Caribbean in Barbados	female	BB16	
HG02102	AMR	Admixed American	PEL	Peruvian in Lima, Peru	female	PEL37	child
HG02104	AMR	Admixed American	PEL	Peruvian in Lima, Peru	male	PEL38	father
HG02105	AMR	Admixed American	PEL	Peruvian in Lima, Peru	female	PEL38	mother
HG02107	AFR	African	ACB	African Caribbean in Barbados	male	BB18	
HG02108	AFR	African	ACB	African Caribbean in Barbados	female	BB18	
HG02111	AFR	African	ACB	African Caribbean in Barbados	female	BB19	
HG02113	EAS	East Asian	KHV	Kinh in Ho Chi Minh City, Vietnam	female	VN073	
HG02116	EAS	East Asian	KHV	Kinh in Ho Chi Minh City, Vietnam	male	VN074	
HG02121	EAS	East Asian	KHV	Kinh in Ho Chi Minh City, Vietnam	female	VN076	mother
HG02122	EAS	East Asian	KHV	Kinh in Ho Chi Minh City, Vietnam	male	VN076	father
HG02127	EAS	East Asian	KHV	Kinh in Ho Chi Minh City, Vietnam	female	VN078	mother
HG02128	EAS	East Asian	KHV	Kinh in Ho Chi Minh City, Vietnam	male	VN078	father
HG02130	EAS	East Asian	KHV	Kinh in Ho Chi Minh City, Vietnam	female	VN079	mother
HG02131	EAS	East Asian	KHV	Kinh in Ho Chi Minh City, Vietnam	male	VN079	father
HG02133	EAS	East Asian	KHV	Kinh in Ho Chi Minh City, Vietnam	female	VN080	mother
HG02134	EAS	East Asian	KHV	Kinh in Ho Chi Minh City, Vietnam	male	VN080	father
HG02136	EAS	East Asian	KHV	Kinh in Ho Chi Minh City, Vietnam	female	VN081	mother
HG02137	EAS	East Asian	KHV	Kinh in Ho Chi Minh City, Vietnam	male	VN081	father
HG02138	EAS	East Asian	KHV	Kinh in Ho Chi Minh City, Vietnam	male	VN082	
HG02139	EAS	East Asian	KHV	Kinh in Ho Chi Minh City, Vietnam	female	VN083	
HG02140	EAS	East Asian	KHV	Kinh in Ho Chi Minh City, Vietnam	female	VN084	
HG02141	EAS	East Asian	KHV	Kinh in Ho Chi Minh City, Vietnam	male	VN085	
HG02142	EAS	East Asian	KHV	Kinh in Ho Chi Minh City, Vietnam	female	VN086	
HG02143	AFR	African	ACB	African Caribbean in Barbados	male	BB20	father
HG02144	AFR	African	ACB	African Caribbean in Barbados	female	BB20	mother
HG02146	AMR	Admixed American	PEL	Peruvian in Lima, Peru	male	PEL39	father
HG02147	AMR	Admixed American	PEL	Peruvian in Lima, Peru	female	PEL39	mother
HG02150	AMR	Admixed American	PEL	Peruvian in Lima, Peru	male	PEL40	child
HG02151	EAS	East Asian	CDX	Chinese Dai in Xishuangbanna, China	female	HG02151	
HG02152	EAS	East Asian	CDX	Chinese Dai in Xishuangbanna, China	female	HG02152	
HG02153	EAS	East Asian	CDX	Chinese Dai in Xishuangbanna, China	female	HG02153	
HG02154	EAS	East Asian	CDX	Chinese Dai in Xishuangbanna, China	female	HG02154	
HG02155	EAS	East Asian	CDX	Chinese Dai in Xishuangbanna, China	female	HG02155	
HG02156	EAS	East Asian	CDX	Chinese Dai in Xishuangbanna, China	female	HG02156	
HG02164	EAS	East Asian	CDX	Chinese Dai in Xishuangbanna, China	female	HG02164	
HG02165	EAS	East Asian	CDX	Chinese Dai in Xishuangbanna, China	female	HG02165	
HG02166	EAS	East Asian	CDX	Chinese Dai in Xishuangbanna, China	female	HG02166	
HG02178	EAS	East Asian	CDX	Chinese Dai in Xishuangbanna, China	female	HG02178	
HG02179	EAS	East Asian	CDX	Chinese Dai in Xishuangbanna, China	female	HG02179	
HG02180	EAS	East Asian	CDX	Chinese Dai in Xishuangbanna, China	female	HG02180	
HG02181	EAS	East Asian	CDX	Chinese Dai in Xishuangbanna, China	female	HG02181	
HG02182	EAS	East Asian	CDX	Chinese Dai in Xishuangbanna, China	female	HG02182	
HG02184	EAS	East Asian	CDX	Chinese Dai in Xishuangbanna, China	female	HG02184	
HG02185	EAS	East Asian	CDX	Chinese Dai in Xishuangbanna, China	female	HG02185	
HG02186	EAS	East Asian	CDX	Chinese Dai in Xishuangbanna, China	female	HG02186	
HG02187	EAS	East Asian	CDX	Chinese Dai in Xishuangbanna, China	female	HG02187	
HG02188	EAS	East Asian	CDX	Chinese Dai in Xishuangbanna, China	female	HG02188	
HG02190	EAS	East Asian	CDX	Chinese Dai in Xishuangbanna, China	female	HG02190	
HG02215	EUR	European	GBR	British in England and Scotland	female	HG02215	
HG02219	EUR	European	IBS	Iberian populations in Spain	male	IBS055	father
HG02220	EUR	European	IBS	Iberian populations in Spain	female	IBS056	mother
HG02221	EUR	European	IBS	Iberian populations in Spain	male	IBS056	father
HG02223	EUR	European	IBS	Iberian populations in Spain	female	IBS057	mother
HG02224	EUR	European	IBS	Iberian populations in Spain	male	IBS057	father
HG02230	EUR	European	IBS	Iberian populations in Spain	female	IBS059	mother
HG02231	EUR	European	IBS	Iberian populations in Spain	male	IBS059	father
HG02232	EUR	European	IBS	Iberian populations in Spain	female	IBS060	mother
HG02233	EUR	European	IBS	Iberian populations in Spain	male	IBS060	father
HG02235	EUR	European	IBS	Iberian populations in Spain	female	IBS061	mother
HG02236	EUR	European	IBS	Iberian populations in Spain	male	IBS061	father
HG02238	EUR	European	IBS	Iberian populations in Spain	male	IBS062	father
HG02239	EUR	European	IBS	Iberian populations in Spain	female	IBS062	mother
HG02250	EAS	East Asian	CDX	Chinese Dai in Xishuangbanna, China	male	HG02250	
HG02252	AMR	Admixed American	PEL	Peruvian in Lima, Peru	female	PEL41	mother
HG02253	AMR	Admixed American	PEL	Peruvian in Lima, Peru	male	PEL41	father
HG02255	AFR	African	ACB	African Caribbean in Barbados	male	BB21	father
HG02256	AFR	African	ACB	African Caribbean in Barbados	female	BB21	mother
HG02259	AMR	Admixed American	PEL	Peruvian in Lima, Peru	male	PEL42	father
HG02260	AMR	Admixed American	PEL	Peruvian in Lima, Peru	female	PEL42	mother
HG02262	AMR	Admixed American	PEL	Peruvian in Lima, Peru	male	PEL43	child
HG02265	AMR	Admixed American	PEL	Peruvian in Lima, Peru	male	PEL44	father
HG02266	AMR	Admixed American	PEL	Peruvian in Lima, Peru	female	PEL44	mother
HG02271	AMR	Admixed American	PEL	Peruvian in Lima, Peru	male	PEL46	father
HG02272	AMR	Admixed American	PEL	Peruvian in Lima, Peru	female	PEL46	mother
HG02274	AMR	Admixed American	PEL	Peruvian in Lima, Peru	male	PEL47	father
HG02275	AMR	Admixed American	PEL	Peruvian in Lima, Peru	female	PEL47	mother
HG02277	AMR	Admixed American	PEL	Peruvian in Lima, Peru	male	PEL48	father
HG02278	AMR	Admixed American	PEL	Peruvian in Lima, Peru	female	PEL48	mother
HG02281	AFR	African	ACB	African Caribbean in Barbados	male	BB24	father
HG02282	AFR	African	ACB	African Caribbean in Barbados	female	BB24	mother
HG02283	AFR	African	ACB	African Caribbean in Barbados	male	BB25	
HG02284	AFR	African	ACB	African Caribbean in Barbados	male	BB26	
HG02285	AMR	Admixed American	PEL	Peruvian in Lima, Peru	male	PEL49	father
HG02286	AMR	Admixed American	PEL	Peruvian in Lima, Peru	female	PEL49	mother
HG02291	AMR	Admixed American	PEL	Peruvian in Lima, Peru	male	PEL51	father
HG02292	AMR	Admixed American	PEL	Peruvian in Lima, Peru	female	PEL51	mother
HG02298	AMR	Admixed American	PEL	Peruvian in Lima, Peru	female	PEL52	mother
HG02299	AMR	Admixed American	PEL	Peruvian in Lima, Peru	male	PEL52	father
HG02301	AMR	Admixed American	PEL	Peruvian in Lima, Peru	female	PEL53	mother
HG02304	AMR	Admixed American	PEL	Peruvian in Lima, Peru	male	PEL54	child
HG02307	AFR	African	ACB	African Caribbean in Barbados	male	BB23	father
HG02308	AFR	African	ACB	African Caribbean in Barbados	female	BB23	mother
HG02309	AFR	African	ACB	African Caribbean in Barbados	female	BB25	
HG02312	AMR	Admixed American	PEL	Peruvian in Lima, Peru	female	PEL55	child
HG02314	AFR	African	ACB	African Caribbean in Barbados	male	BB22	father
HG02315	AFR	African	ACB	African Caribbean in Barbados	female	BB22	mother
HG02317	AFR	African	ACB	African Caribbean in Barbados	male	BB27	father
HG02318	AFR	African	ACB	African Caribbean in Barbados	female	BB27	mother
HG02322	AFR	African	ACB	African Caribbean in Barbados	female	BB28	
HG02323	AFR	African	ACB	African Caribbean in Barbados	male	BB29	
HG02325	AFR	African	ACB	African Caribbean in Barbados	female	BB30	
HG02330	AFR	African	ACB	African Caribbean in Barbados	male	BB33	
HG02332	AFR	African	ACB	African Caribbean in Barbados	male	BB16	
HG02334	AFR	African	ACB	African Caribbean in Barbados	male	BB32	
HG02337	AFR	African	ACB	African Caribbean in Barbados	female	BB31	
HG02339	AFR	African	ACB	African Caribbean in Barbados	female	BB34	
HG02343	AFR	African	ACB	African Caribbean in Barbados	male	BB35	
HG02345	AMR	Admixed American	PEL	Peruvian in Lima, Peru	female	PEL56	mother
HG02348	AMR	Admixed American	PEL	Peruvian in Lima, Peru	female	PEL57	mother
HG02351	EAS	East Asian	CDX	Chinese Dai in Xishuangbanna, China	male	HG02351	
HG02353	EAS	East Asian	CDX	Chinese Dai in Xishuangbanna, China	male	HG02353	
HG02355	EAS	East Asian	CDX	Chinese Dai in Xishuangbanna, China	male	HG02355	
HG02356	EAS	East Asian	CDX	Chinese Dai in Xishuangbanna, China	male	HG02356	
HG02360	EAS	East Asian	CDX	Chinese Dai in Xishuangbanna, China	male	HG02360	
HG02364	EAS	East Asian	CDX	Chinese Dai in Xishuangbanna, China	male	HG02364	
HG02367	EAS	East Asian	CDX	Chinese Dai in Xishuangbanna, China	male	HG02367	
HG02371	EAS	East Asian	CDX	Chinese Dai in Xishuangbanna, China	male	CDX2	
HG02373	EAS	East Asian	CDX	Chinese Dai in Xishuangbanna, China	male	HG02373	
HG02374	EAS	East Asian	CDX	Chinese Dai in Xishuangbanna, China	male	HG02374	
HG02375	EAS	East Asian	CDX	Chinese Dai in Xishuangbanna, China	male	HG02375	
HG02379	EAS	East Asian	CDX	Chinese Dai in Xishuangbanna, China	male	HG02379	
HG02380	EAS	East Asian	CDX	Chinese Dai in Xishuangbanna, China	male	HG02380	
HG02382	EAS	East Asian	CDX	Chinese Dai in Xishuangbanna, China	male	HG02382	
HG02383	EAS	East Asian	CDX	Chinese Dai in Xishuangbanna, China	male	HG02383	
HG02384	EAS	East Asian	CDX	Chinese Dai in Xishuangbanna, China	male	HG02384	
HG02385	EAS	East Asian	CDX	Chinese Dai in Xishuangbanna, China	male	HG02385	
HG02386	EAS	East Asian	CDX	Chinese Dai in Xishuangbanna, China	male	HG02386	
HG02389	EAS	East Asian	CDX	Chinese Dai in Xishuangbanna, China	male	HG02389	
HG02390	EAS	East Asian	CDX	Chinese Dai in Xishuangbanna, China	male	HG02390	
HG02391	EAS	East Asian	CDX	Chinese Dai in Xishuangbanna, China	male	HG02391	
HG02392	EAS	East Asian	CDX	Chinese Dai in Xishuangbanna, China	male	HG02392	
HG02394	EAS	East Asian	CDX	Chinese Dai in Xishuangbanna, China	male	HG02394	
HG02395	EAS	East Asian	CDX	Chinese Dai in Xishuangbanna, China	male	HG02395	
HG02396	EAS	East Asian	CDX	Chinese Dai in Xishuangbanna, China	male	HG02396	
HG02397	EAS	East Asian	CDX	Chinese Dai in Xishuangbanna, China	male	HG02397	
HG02398	EAS	East Asian	CDX	Chinese Dai in Xishuangbanna, China	male	HG02398	
HG02399	EAS	East Asian	CDX	Chinese Dai in Xishuangbanna, China	male	HG02399	
HG02401	EAS	East Asian	CDX	Chinese Dai in Xishuangbanna, China	male	HG02401	
HG02402	EAS	East Asian	CDX	Chinese Dai in Xishuangbanna, China	male	HG02402	
HG02406	EAS	East Asian	CDX	Chinese Dai in Xishuangbanna, China	male	HG02406	
HG02407	EAS	East Asian	CDX	Chinese Dai in Xishuangbanna, China	male	HG02407	
HG02408	EAS	East Asian	CDX	Chinese Dai in Xishuangbanna, China	male	HG02408	unrel
HG02409	EAS	East Asian	CDX	Chinese Dai in Xishuangbanna, China	male	HG02409	
HG02410	EAS	East Asian	CDX	Chinese Dai in Xishuangbanna, China	male	HG02410	unrel
HG02419	AFR	African	ACB	African Caribbean in Barbados	female	BB36	
HG02420	AFR	African	ACB	African Caribbean in Barbados	male	BB37	father
HG02425	AMR	Admixed American	PEL	Peruvian in Lima, Peru	female	PEL59	mother
HG02427	AFR	African	ACB	African Caribbean in Barbados	female	BB37	mother
HG02429	AFR	African	ACB	African Caribbean in Barbados	male	BB39	
HG02433	AFR	African	ACB	African Caribbean in Barbados	male	BB41	
HG02439	AFR	African	ACB	African Caribbean in Barbados	male	BB42	father
HG02442	AFR	African	ACB	African Caribbean in Barbados	male	BB43	
HG02445	AFR	African	ACB	African Caribbean in Barbados	male	BB44	
HG02449	AFR	African	ACB	African Caribbean in Barbados	male	BB46	father
HG02450	AFR	African	ACB	African Caribbean in Barbados	female	BB46	mother
HG02455	AFR	African	ACB	African Caribbean in Barbados	male	BB48	father
HG02461	AFR	African	GWD	Gambian in Western Division, The Gambia	male	GB15	father
HG02462	AFR	African	GWD	Gambian in Western Division, The Gambia	female	GB15	mother
HG02464	AFR	African	GWD	Gambian in Western Division, The Gambia	male	GB16	father
HG02465	AFR	African	GWD	Gambian in Western Division, The Gambia	female	GB16	mother
HG02470	AFR	African	ACB	African Caribbean in Barbados	male	BB49	
HG02471	AFR	African	ACB	African Caribbean in Barbados	female	BB49	
HG02476	AFR	African	ACB	African Caribbean in Barbados	female	BB51	mother
HG02477	AFR	African	ACB	African Caribbean in Barbados	female	BB52	mother
HG02479	AFR	African	ACB	African Caribbean in Barbados	female	BB53	mother
HG02481	AFR	African	ACB	African Caribbean in Barbados	male	BB54	father
HG02484	AFR	African	ACB	African Caribbean in Barbados	male	BB55	father
HG02485	AFR	African	ACB	African Caribbean in Barbados	female	BB55	mother
HG02489	AFR	African	ACB	African Caribbean in Barbados	male	BB45	
HG02490	SAS	South Asian	PJL	Punjabi in Lahore,Pakistan	male	PK06	father
HG02491	SAS	South Asian	PJL	Punjabi in Lahore,Pakistan	female	PK06	mother
HG02493	SAS	South Asian	PJL	Punjabi in Lahore,Pakistan	male	PK07	father
HG02494	SAS	South Asian	PJL	Punjabi in Lahore,Pakistan	female	PK07	mother
HG02496	AFR	African	ACB	African Caribbean in Barbados	male	BB57	
HG02497	AFR	African	ACB	African Caribbean in Barbados	female	BB57	
HG02501	AFR	African	ACB	African Caribbean in Barbados	male	BB58	father
HG02502	AFR	African	ACB	African Caribbean in Barbados	female	BB58	mother
HG02505	AFR	African	ACB	African Caribbean in Barbados	female	BB59	mother
HG02508	AFR	African	ACB	African Caribbean in Barbados	female	BB60	
HG02511	AFR	African	ACB	African Caribbean in Barbados	female	BB56	
HG02512	EAS	East Asian	KHV	Kinh in Ho Chi Minh City, Vietnam	male	VN087	father
HG02513	EAS	East Asian	KHV	Kinh in Ho Chi Minh City, Vietnam	female	VN087	mother
HG02521	EAS	East Asian	KHV	Kinh in Ho Chi Minh City, Vietnam	male	VN090	father
HG02522	EAS	East Asian	KHV	Kinh in Ho Chi Minh City, Vietnam	female	VN090	mother
HG02536	AFR	African	ACB	African Caribbean in Barbados	male	BB61	father
HG02537	AFR	African	ACB	African Caribbean in Barbados	female	BB61	mother
HG02541	AFR	African	ACB	African Caribbean in Barbados	male	BB63	father
HG02545	AFR	African	ACB	African Caribbean in Barbados	male	BB64	father
HG02546	AFR	African	ACB	African Caribbean in Barbados	female	BB64	mother
HG02549	AFR	African	ACB	African Caribbean in Barbados	female	BB65	mother
HG02554	AFR	African	ACB	African Caribbean in Barbados	male	BB67	father
HG02555	AFR	African	ACB	African Caribbean in Barbados	female	BB67	mother
HG02557	AFR	African	ACB	African Caribbean in Barbados	male	BB68	father
HG02558	AFR	African	ACB	African Caribbean in Barbados	female	BB68	mother
HG02561	AFR	African	GWD	Gambian in Western Division, The Gambia	male	GB18	father
HG02562	AFR	African	GWD	Gambian in Western Division, The Gambia	female	GB18	mother
HG02568	AFR	African	GWD	Gambian in Western Division, The Gambia	female	GB20	mother
HG02570	AFR	African	GWD	Gambian in Western Division, The Gambia	male	GB21	father
HG02571	AFR	African	GWD	Gambian in Western Division, The Gambia	female	GB21	mother
HG02573	AFR	African	GWD	Gambian in Western Division, The Gambia	male	GB22	father
HG02574	AFR	African	GWD	Gambian in Western Division, The Gambia	female	GB22	mother
HG02577	AFR	African	ACB	African Caribbean in Barbados	female	BB69	mother
HG02580	AFR	African	ACB	African Caribbean in Barbados	female	BB70	mother
HG02582	AFR	African	GWD	Gambian in Western Division, The Gambia	male	GB23	father
HG02583	AFR	African	GWD	Gambian in Western Division, The Gambia	female	GB23	mother
HG02585	AFR	African	GWD	Gambian in Western Division, The Gambia	male	GB24	father
HG02586	AFR	African	GWD	Gambian in Western Division, The Gambia	female	GB24	mother
HG02588	AFR	African	GWD	Gambian in Western Division, The Gambia	male	GB25	father
HG02589	AFR	African	GWD	Gambian in Western Division, The Gambia	female	GB25	mother
HG02594	AFR	African	GWD	Gambian in Western Division, The Gambia	male	GB27	father
HG02595	AFR	African	GWD	Gambian in Western Division, The Gambia	female	GB27	mother
HG02597	SAS	South Asian	PJL	Punjabi in Lahore,Pakistan	male	PK08	father
HG02600	SAS	South Asian	PJL	Punjabi in Lahore,Pakistan	male	PK09	father
HG02601	SAS	South Asian	PJL	Punjabi in Lahore,Pakistan	female	PK09	mother
HG02603	SAS	South Asian	PJL	Punjabi in Lahore,Pakistan	male	PK10	father
HG02604	SAS	South Asian	PJL	Punjabi in Lahore,Pakistan	female	PK10	mother
HG02610	AFR	African	GWD	Gambian in Western Division, The Gambia	male	GB28	father
HG02611	AFR	African	GWD	Gambian in Western Division, The Gambia	female	GB28	mother
HG02613	AFR	African	GWD	Gambian in Western Division, The Gambia	male	GB29	father
HG02614	AFR	African	GWD	Gambian in Western Division, The Gambia	female	GB29	mother
HG02620	AFR	African	GWD	Gambian in Western Division, The Gambia	male	GB31	father
HG02621	AFR	African	GWD	Gambian in Western Division, The Gambia	female	GB31	mother
HG02623	AFR	African	GWD	Gambian in Western Division, The Gambia	male	GB32	father
HG02624	AFR	African	GWD	Gambian in Western Division, The Gambia	female	GB32	mother
HG02628	AFR	African	GWD	Gambian in Western Division, The Gambia	male	GB33	father
HG02629	AFR	African	GWD	Gambian in Western Division, The Gambia	female	GB33	mother
HG02634	AFR	African	GWD	Gambian in Western Division, The Gambia	male	GB35	father
HG02635	AFR	African	GWD	Gambian in Western Division, The Gambia	female	GB35	mother
HG02642	AFR	African	GWD	Gambian in Western Division, The Gambia	male	GB37	father
HG02643	AFR	African	GWD	Gambian in Western Division, The Gambia	female	GB37	mother
HG02645	AFR	African	GWD	Gambian in Western Division, The Gambia	male	GB38	father
HG02646	AFR	African	GWD	Gambian in Western Division, The Gambia	female	GB38	mother
HG02648	SAS	South Asian	PJL	Punjabi in Lahore,Pakistan	male	PK11	father
HG02649	SAS	South Asian	PJL	Punjabi in Lahore,Pakistan	female	PK11	mother
HG02651	SAS	South Asian	PJL	Punjabi in Lahore,Pakistan	male	PK12	father
HG02652	SAS	South Asian	PJL	Punjabi in Lahore,Pakistan	female	PK12	mother
HG02654	SAS	South Asian	PJL	Punjabi in Lahore,Pakistan	male	PK13	father
HG02655	SAS	South Asian	PJL	Punjabi in Lahore,Pakistan	female	PK13	mother
HG02657	SAS	South Asian	PJL	Punjabi in Lahore,Pakistan	male	PK14	father
HG02658	SAS	South Asian	PJL	Punjabi in Lahore,Pakistan	female	PK14	mother
HG02660	SAS	South Asian	PJL	Punjabi in Lahore,Pakistan	male	PK15	father
HG02661	SAS	South Asian	PJL	Punjabi in Lahore,Pakistan	female	PK15	mother
HG02666	AFR	African	GWD	Gambian in Western Division, The Gambia	male	GB40	father
HG02667	AFR	African	GWD	Gambian in Western Division, The Gambia	female	GB40	mother
HG02675	AFR	African	GWD	Gambian in Western Division, The Gambia	male	GB43	father
HG02676	AFR	African	GWD	Gambian in Western Division, The Gambia	female	GB43	mother
HG02678	AFR	African	GWD	Gambian in Western Division, The Gambia	male	GB44	father
HG02679	AFR	African	GWD	Gambian in Western Division, The Gambia	female	GB44	mother
HG02681	SAS	South Asian	PJL	Punjabi in Lahore,Pakistan	male	PK16	father
HG02682	SAS	South Asian	PJL	Punjabi in Lahore,Pakistan	female	PK16	mother
HG02684	SAS	South Asian	PJL	Punjabi in Lahore,Pakistan	male	PK17	father
HG02685	SAS	South Asian	PJL	Punjabi in Lahore,Pakistan	female	PK17	mother
HG02687	SAS	South Asian	PJL	Punjabi in Lahore,Pakistan	male	PK18	father
HG02688	SAS	South Asian	PJL	Punjabi in Lahore,Pakistan	female	PK18	mother
HG02690	SAS	South Asian	PJL	Punjabi in Lahore,Pakistan	male	PK19	father
HG02691	SAS	South Asian	PJL	Punjabi in Lahore,Pakistan	female	PK19	mother
HG02694	SAS	South Asian	PJL	Punjabi in Lahore,Pakistan	female	PK20	mother
HG02696	SAS	South Asian	PJL	Punjabi in Lahore,Pakistan	male	PK21	father
HG02697	SAS	South Asian	PJL	Punjabi in Lahore,Pakistan	female	PK21	mother
HG02699	SAS	South Asian	PJL	Punjabi in Lahore,Pakistan	male	PK22	father
HG02700	SAS	South Asian	PJL	Punjabi in Lahore,Pakistan	female	PK22	mother
HG02702	AFR	African	GWD	Gambian in Western Division, The Gambia	male	GB45	father
HG02703	AFR	African	GWD	Gambian in Western Division, The Gambia	female	GB45	mother
HG02715	AFR	African	GWD	Gambian in Western Division, The Gambia	male	GB50	father
HG02716	AFR	African	GWD	Gambian in Western Division, The Gambia	female	GB50	mother
HG02721	AFR	African	GWD	Gambian in Western Division, The Gambia	male	GB52	father
HG02722	AFR	African	GWD	Gambian in Western Division, The Gambia	female	GB52	mother
HG02724	SAS	South Asian	PJL	Punjabi in Lahore,Pakistan	male	PK23	father
HG02725	SAS	South Asian	PJL	Punjabi in Lahore,Pakistan	female	PK23	mother
HG02727	SAS	South Asian	PJL	Punjabi in Lahore,Pakistan	male	PK24	father
HG02728	SAS	South Asian	PJL	Punjabi in Lahore,Pakistan	female	PK24	mother
HG02731	SAS	South Asian	PJL	Punjabi in Lahore,Pakistan	female	PK25	mother
HG02733	SAS	South Asian	PJL	Punjabi in Lahore,Pakistan	male	PK26	father
HG02734	SAS	South Asian	PJL	Punjabi in Lahore,Pakistan	female	PK26	mother
HG02736	SAS	South Asian	PJL	Punjabi in Lahore,Pakistan	male	PK27	father
HG02737	SAS	South Asian	PJL	Punjabi in Lahore,Pakistan	female	PK27	mother
HG02756	AFR	African	GWD	Gambian in Western Division, The Gambia	male	GB53	father
HG02757	AFR	African	GWD	Gambian in Western Division, The Gambia	female	GB53	mother
HG02759	AFR	African	GWD	Gambian in Western Division, The Gambia	male	GB54	father
HG02760	AFR	African	GWD	Gambian in Western Division, The Gambia	female	GB54	mother
HG02763	AFR	African	GWD	Gambian in Western Division, The Gambia	female	GB55	mother
HG02768	AFR	African	GWD	Gambian in Western Division, The Gambia	male	GB57	father
HG02769	AFR	African	GWD	Gambian in Western Division, The Gambia	female	GB57	mother
HG02771	AFR	African	GWD	Gambian in Western Division, The Gambia	male	GB58	father
HG02772	AFR	African	GWD	Gambian in Western Division, The Gambia	female	GB58	mother
HG02774	SAS	South Asian	PJL	Punjabi in Lahore,Pakistan	male	PK28	father
HG02775	SAS	South Asian	PJL	Punjabi in Lahore,Pakistan	female	PK28	mother
HG02778	SAS	South Asian	PJL	Punjabi in Lahore,Pakistan	female	PK29	mother
HG02780	SAS	South Asian	PJL	Punjabi in Lahore,Pakistan	male	PK30	father
HG02783	SAS	South Asian	PJL	Punjabi in Lahore,Pakistan	male	PK31	father
HG02784	SAS	South Asian	PJL	Punjabi in Lahore,Pakistan	female	PK31	mother
HG02786	SAS	South Asian	PJL	Punjabi in Lahore,Pakistan	male	PK32	father
HG02787	SAS	South Asian	PJL	Punjabi in Lahore,Pakistan	female	PK32	mother
HG02789	SAS	South Asian	PJL	Punjabi in Lahore,Pakistan	male	PK33	father
HG02790	SAS	South Asian	PJL	Punjabi in Lahore,Pakistan	female	PK33	mother
HG02792	SAS	South Asian	PJL	Punjabi in Lahore,Pakistan	male	PK34	father
HG02793	SAS	South Asian	PJL	Punjabi in Lahore,Pakistan	female	PK34	mother
HG02798	AFR	African	GWD	Gambian in Western Division, The Gambia	male	GB60	father
HG02799	AFR	African	GWD	Gambian in Western Division, The Gambia	female	GB60	mother
HG02804	AFR	African	GWD	Gambian in Western Division, The Gambia	male	GB62	father
HG02805	AFR	African	GWD	Gambian in Western Division, The Gambia	female	GB62	mother
HG02807	AFR	African	GWD	Gambian in Western Division, The Gambia	male	GB63	father
HG02808	AFR	African	GWD	Gambian in Western Division, The Gambia	female	GB63	mother
HG02810	AFR	African	GWD	Gambian in Western Division, The Gambia	male	GB64	father
HG02811	AFR	African	GWD	Gambian in Western Division, The Gambia	female	GB64	mother
HG02813	AFR	African	GWD	Gambian in Western Division, The Gambia	male	GB65	father
HG02814	AFR	African	GWD	Gambian in Western Division, The Gambia	female	GB65	mother
HG02816	AFR	African	GWD	Gambian in Western Division, The Gambia	male	GB66	father
HG02817	AFR	African	GWD	Gambian in Western Division, The Gambia	female	GB66	mother
HG02819	AFR	African	GWD	Gambian in Western Division, The Gambia	male	GB67	father
HG02820	AFR	African	GWD	Gambian in Western Division, The Gambia	female	GB67	mother
HG02836	AFR	African	GWD	Gambian in Western Division, The Gambia	male	GB73	father
HG02837	AFR	African	GWD	Gambian in Western Division, The Gambia	female	GB73	mother
HG02839	AFR	African	GWD	Gambian in Western Division, The Gambia	male	GB74	father
HG02840	AFR	African	GWD	Gambian in Western Division, The Gambia	female	GB74	mother
HG02851	AFR	African	GWD	Gambian in Western Division, The Gambia	male	GB78	father
HG02852	AFR	African	GWD	Gambian in Western Division, The Gambia	female	GB78	mother
HG02854	AFR	African	GWD	Gambian in Western Division, The Gambia	male	GB79	father
HG02855	AFR	African	GWD	Gambian in Western Division, The Gambia	female	GB79	mother
HG02860	AFR	African	GWD	Gambian in Western Division, The Gambia	male	GB81	father
HG02861	AFR	African	GWD	Gambian in Western Division, The Gambia	female	GB81	mother
HG02870	AFR	African	GWD	Gambian in Western Division, The Gambia	female	GB84	mother
HG02878	AFR	African	GWD	Gambian in Western Division, The Gambia	male	GB87	father
HG02879	AFR	African	GWD	Gambian in Western Division, The Gambia	female	GB87	mother
HG02881	AFR	African	GWD	Gambian in Western Division, The Gambia	male	GB88	father
HG02882	AFR	African	GWD	Gambian in Western Division, The Gambia	female	GB88	mother
HG02884	AFR	African	GWD	Gambian in Western Division, The Gambia	male	GB89	father
HG02885	AFR	African	GWD	Gambian in Western Division, The Gambia	female	GB89	mother
HG02887	AFR	African	GWD	Gambian in Western Division, The Gambia	male	GB90	father
HG02888	AFR	African	GWD	Gambian in Western Division, The Gambia	female	GB90	mother
HG02890	AFR	African	GWD	Gambian in Western Division, The Gambia	male	GB91	father
HG02891	AFR	African	GWD	Gambian in Western Division, The Gambia	female	GB91	mother
HG02895	AFR	African	GWD	Gambian in Western Division, The Gambia	male	GB93	father
HG02896	AFR	African	GWD	Gambian in Western Division, The Gambia	female	GB93	mother
HG02922	AFR	African	ESN	Esan in Nigeria	female	NG06	mother
HG02923	AFR	African	ESN	Esan in Nigeria	male	NG06	father
HG02938	AFR	African	ESN	Esan in Nigeria	male	NG11	father
HG02941	AFR	African	ESN	Esan in Nigeria	male	NG12	father
HG02943	AFR	African	ESN	Esan in Nigeria	female	NG13	mother
HG02944	AFR	African	ESN	Esan in Nigeria	male	NG13	father
HG02946	AFR	African	ESN	Esan in Nigeria	female	NG14	mother
HG02947	AFR	African	ESN	Esan in Nigeria	male	NG14	father
HG02952	AFR	African	ESN	Esan in Nigeria	female	NG16	mother
HG02953	AFR	African	ESN	Esan in Nigeria	male	NG16	father
HG02968	AFR	African	ESN	Esan in Nigeria	male	NG21	father
HG02970	AFR	African	ESN	Esan in Nigeria	female	NG22	mother
HG02971	AFR	African	ESN	Esan in Nigeria	male	NG22	father
HG02973	AFR	African	ESN	Esan in Nigeria	male	NG23	father
HG02974	AFR	African	ESN	Esan in Nigeria	female	NG23	mother
HG02976	AFR	African	ESN	Esan in Nigeria	female	NG24	mother
HG02977	AFR	African	ESN	Esan in Nigeria	male	NG24	father
HG02979	AFR	African	ESN	Esan in Nigeria	female	NG25	mother
HG02981	AFR	African	ESN	Esan in Nigeria	male	NG25	father
HG02982	AFR	African	GWD	Gambian in Western Division, The Gambia	male	GB97	father
HG02983	AFR	African	GWD	Gambian in Western Division, The Gambia	female	GB97	mother
HG03006	SAS	South Asian	BEB	Bengali in Bangladesh	male	BD01	father
HG03007	SAS	South Asian	BEB	Bengali in Bangladesh	female	BD01	mother
HG03009	SAS	South Asian	BEB	Bengali in Bangladesh	male	HG03009	unrel
HG03012	SAS	South Asian	BEB	Bengali in Bangladesh	male	BD3	father
HG03015	SAS	South Asian	PJL	Punjabi in Lahore,Pakistan	male	PK35	father
HG03016	SAS	South Asian	PJL	Punjabi in Lahore,Pakistan	female	PK35	mother
HG03018	SAS	South Asian	PJL	Punjabi in Lahore,Pakistan	male	PK36	father
HG03019	SAS	South Asian	PJL	Punjabi in Lahore,Pakistan	female	PK36	mother
HG03021	SAS	South Asian	PJL	Punjabi in Lahore,Pakistan	male	PK37	father
HG03022	SAS	South Asian	PJL	Punjabi in Lahore,Pakistan	female	HG03022	unrel
HG03024	AFR	African	GWD	Gambian in Western Division, The Gambia	male	GB105	father
HG03025	AFR	African	GWD	Gambian in Western Division, The Gambia	female	GB105	mother
HG03027	AFR	African	GWD	Gambian in Western Division, The Gambia	male	GB106	father
HG03028	AFR	African	GWD	Gambian in Western Division, The Gambia	female	GB106	mother
HG03039	AFR	African	GWD	Gambian in Western Division, The Gambia	male	GB110	father
HG03040	AFR	African	GWD	Gambian in Western Division, The Gambia	female	GB110	mother
HG03045	AFR	African	GWD	Gambian in Western Division, The Gambia	male	GB112	father
HG03046	AFR	African	GWD	Gambian in Western Division, The Gambia	female	GB112	mother
HG03048	AFR	African	GWD	Gambian in Western Division, The Gambia	male	GB113	father
HG03049	AFR	African	GWD	Gambian in Western Division, The Gambia	female	GB113	mother
HG03052	AFR	African	MSL	Mende in Sierra Leone	female	SL01	mother
HG03054	AFR	African	MSL	Mende in Sierra Leone	male	SL02	father
HG03055	AFR	African	MSL	Mende in Sierra Leone	female	SL02	mother
HG03057	AFR	African	MSL	Mende in Sierra Leone	male	HG03057	unrel
HG03058	AFR	African	MSL	Mende in Sierra Leone	female	SL03	mother
HG03060	AFR	African	MSL	Mende in Sierra Leone	male	HG03060	unrel
HG03061	AFR	African	MSL	Mende in Sierra Leone	female	SL04	mother
HG03063	AFR	African	MSL	Mende in Sierra Leone	male	SL05	father
HG03064	AFR	African	MSL	Mende in Sierra Leone	female	SL05	mother
HG03066	AFR	African	MSL	Mende in Sierra Leone	male	SL06	father
HG03069	AFR	African	MSL	Mende in Sierra Leone	male	SL07	father
HG03072	AFR	African	MSL	Mende in Sierra Leone	male	SL08	father
HG03073	AFR	African	MSL	Mende in Sierra Leone	female	SL08	mother
HG03074	AFR	African	MSL	Mende in Sierra Leone	male	HG03074	unrel
HG03077	AFR	African	MSL	Mende in Sierra Leone	male	HG03077	unrel
HG03078	AFR	African	MSL	Mende in Sierra Leone	male	HG03078	unrel
HG03079	AFR	African	MSL	Mende in Sierra Leone	female	SL10	mother
HG03081	AFR	African	MSL	Mende in Sierra Leone	male	SL11	father
HG03082	AFR	African	MSL	Mende in Sierra Leone	female	SL11	mother
HG03084	AFR	African	MSL	Mende in Sierra Leone	male	HG03084	unrels
HG03085	AFR	African	MSL	Mende in Sierra Leone	female	HG03085	unrels
HG03086	AFR	African	MSL	Mende in Sierra Leone	female	HG03086	unrel
HG03088	AFR	African	MSL	Mende in Sierra Leone	female	SL13	mother
HG03091	AFR	African	MSL	Mende in Sierra Leone	female	SL14	mother
HG03095	AFR	African	MSL	Mende in Sierra Leone	female	SL15	child
HG03096	AFR	African	MSL	Mende in Sierra Leone	male	SL16	father
HG03097	AFR	African	MSL	Mende in Sierra Leone	female	SL16	mother
HG03099	AFR	African	ESN	Esan in Nigeria	female	NG26	mother
HG03100	AFR	African	ESN	Esan in Nigeria	male	NG26	father
HG03103	AFR	African	ESN	Esan in Nigeria	male	NG27	father
HG03105	AFR	African	ESN	Esan in Nigeria	female	NG28	mother
HG03108	AFR	African	ESN	Esan in Nigeria	female	NG29	mother
HG03109	AFR	African	ESN	Esan in Nigeria	male	NG29	father
HG03111	AFR	African	ESN	Esan in Nigeria	female	NG30	mother
HG03112	AFR	African	ESN	Esan in Nigeria	male	NG30	father
HG03114	AFR	African	ESN	Esan in Nigeria	female	NG31	mother
HG03115	AFR	African	ESN	Esan in Nigeria	male	NG31	father
HG03117	AFR	African	ESN	Esan in Nigeria	female	NG32	mother
HG03118	AFR	African	ESN	Esan in Nigeria	male	NG32	father
HG03120	AFR	African	ESN	Esan in Nigeria	male	NG33	father
HG03121	AFR	African	ESN	Esan in Nigeria	female	NG33	mother
HG03123	AFR	African	ESN	Esan in Nigeria	female	NG34	mother
HG03124	AFR	African	ESN	Esan in Nigeria	male	NG34	father
HG03126	AFR	African	ESN	Esan in Nigeria	female	NG35	mother
HG03127	AFR	African	ESN	Esan in Nigeria	male	NG35	father
HG03129	AFR	African	ESN	Esan in Nigeria	female	NG36	mother
HG03130	AFR	African	ESN	Esan in Nigeria	male	NG36	father
HG03132	AFR	African	ESN	Esan in Nigeria	female	NG37	mother
HG03133	AFR	African	ESN	Esan in Nigeria	male	NG37	father
HG03135	AFR	African	ESN	Esan in Nigeria	female	NG38	mother
HG03136	AFR	African	ESN	Esan in Nigeria	male	NG38	father
HG03139	AFR	African	ESN	Esan in Nigeria	male	NG39	father
HG03157	AFR	African	ESN	Esan in Nigeria	male	NG45	father
HG03159	AFR	African	ESN	Esan in Nigeria	female	NG46	mother
HG03160	AFR	African	ESN	Esan in Nigeria	male	NG46	father
HG03162	AFR	African	ESN	Esan in Nigeria	female	NG47	mother
HG03163	AFR	African	ESN	Esan in Nigeria	male	NG47	father
HG03166	AFR	African	ESN	Esan in Nigeria	male	NG48	father
HG03168	AFR	African	ESN	Esan in Nigeria	female	NG49	mother
HG03169	AFR	African	ESN	Esan in Nigeria	male	NG49	father
HG03172	AFR	African	ESN	Esan in Nigeria	male	NG50	father
HG03175	AFR	African	ESN	Esan in Nigeria	male	NG51	father
HG03189	AFR	African	ESN	Esan in Nigeria	female	NG56	mother
HG03190	AFR	African	ESN	Esan in Nigeria	male	NG56	father
HG03193	AFR	African	ESN	Esan in Nigeria	male	NG57	father
HG03195	AFR	African	ESN	Esan in Nigeria	female	NG58	mother
HG03196	AFR	African	ESN	Esan in Nigeria	male	NG58	father
HG03198	AFR	African	ESN	Esan in Nigeria	female	NG59	mother
HG03199	AFR	African	ESN	Esan in Nigeria	male	NG59	father
HG03202	AFR	African	ESN	Esan in Nigeria	male	NG60	father
HG03209	AFR	African	MSL	Mende in Sierra Leone	male	SL17	child
HG03212	AFR	African	MSL	Mende in Sierra Leone	female	SL18	child
HG03224	AFR	African	MSL	Mende in Sierra Leone	male	SL22	child
HG03225	AFR	African	MSL	Mende in Sierra Leone	male	SL23	father
HG03228	SAS	South Asian	PJL	Punjabi in Lahore,Pakistan	male	PK38	father
HG03229	SAS	South Asian	PJL	Punjabi in Lahore,Pakistan	female	PK38	mother
HG03234	SAS	South Asian	PJL	Punjabi in Lahore,Pakistan	male	PK40	father
HG03235	SAS	South Asian	PJL	Punjabi in Lahore,Pakistan	female	PK40	mother
HG03237	SAS	South Asian	PJL	Punjabi in Lahore,Pakistan	male	PK41	father
HG03238	SAS	South Asian	PJL	Punjabi in Lahore,Pakistan	female	PK41	mother
HG03240	AFR	African	GWD	Gambian in Western Division, The Gambia	male	GB114	father
HG03241	AFR	African	GWD	Gambian in Western Division, The Gambia	female	GB114	mother
HG03246	AFR	African	GWD	Gambian in Western Division, The Gambia	male	GB116	father
HG03247	AFR	African	GWD	Gambian in Western Division, The Gambia	female	GB116	mother
HG03258	AFR	African	GWD	Gambian in Western Division, The Gambia	male	GB120	father
HG03259	AFR	African	GWD	Gambian in Western Division, The Gambia	female	GB120	mother
HG03265	AFR	African	ESN	Esan in Nigeria	male	NG63	father
HG03267	AFR	African	ESN	Esan in Nigeria	female	NG64	mother
HG03268	AFR	African	ESN	Esan in Nigeria	male	NG64	father
HG03270	AFR	African	ESN	Esan in Nigeria	female	NG65	mother
HG03271	AFR	African	ESN	Esan in Nigeria	male	NG65	father
HG03279	AFR	African	ESN	Esan in Nigeria	female	NG68	mother
HG03280	AFR	African	ESN	Esan in Nigeria	male	NG68	father
HG03291	AFR	African	ESN	Esan in Nigeria	female	NG72	mother
HG03294	AFR	African	ESN	Esan in Nigeria	female	NG73	mother
HG03295	AFR	African	ESN	Esan in Nigeria	male	NG73	father
HG03297	AFR	African	ESN	Esan in Nigeria	female	NG74	mother
HG03298	AFR	African	ESN	Esan in Nigeria	male	NG74	father
HG03300	AFR	African	ESN	Esan in Nigeria	female	NG75	mother
HG03301	AFR	African	ESN	Esan in Nigeria	male	NG75	father
HG03303	AFR	African	ESN	Esan in Nigeria	female	NG76	mother
HG03304	AFR	African	ESN	Esan in Nigeria	male	NG76	father
HG03311	AFR	African	ESN	Esan in Nigeria	male	NG78	father
HG03313	AFR	African	ESN	Esan in Nigeria	male	NG79	father
HG03342	AFR	African	ESN	Esan in Nigeria	female	NG89	mother
HG03343	AFR	African	ESN	Esan in Nigeria	male	NG89	father
HG03351	AFR	African	ESN	Esan in Nigeria	female	NG92	mother
HG03352	AFR	African	ESN	Esan in Nigeria	male	NG92	father
HG03354	AFR	African	ESN	Esan in Nigeria	female	NG93	mother
HG03363	AFR	African	ESN	Esan in Nigeria	female	NG96	mother
HG03366	AFR	African	ESN	Esan in Nigeria	female	NG97	mother
HG03367	AFR	African	ESN	Esan in Nigeria	male	NG97	father
HG03369	AFR	African	ESN	Esan in Nigeria	female	NG98	mother
HG03370	AFR	African	ESN	Esan in Nigeria	male	NG98	father
HG03372	AFR	African	ESN	Esan in Nigeria	female	NG99	mother
HG03376	AFR	African	MSL	Mende in Sierra Leone	male	SL24	father
HG03378	AFR	African	MSL	Mende in Sierra Leone	female	HG03378	unrel
HG03380	AFR	African	MSL	Mende in Sierra Leone	female	SL25	mother
HG03382	AFR	African	MSL	Mende in Sierra Leone	male	SL26	father
HG03385	AFR	African	MSL	Mende in Sierra Leone	male	SL27	father
HG03388	AFR	African	MSL	Mende in Sierra Leone	male	SL28	father
HG03391	AFR	African	MSL	Mende in Sierra Leone	male	SL29	father
HG03394	AFR	African	MSL	Mende in Sierra Leone	male	SL30	father
HG03397	AFR	African	MSL	Mende in Sierra Leone	male	HG03397	unrels
HG03401	AFR	African	MSL	Mende in Sierra Leone	female	SL32	mother
HG03410	AFR	African	MSL	Mende in Sierra Leone	female	SL35	mother
HG03419	AFR	African	MSL	Mende in Sierra Leone	female	SL38	mother
HG03428	AFR	African	MSL	Mende in Sierra Leone	female	SL42	mother
HG03432	AFR	African	MSL	Mende in Sierra Leone	male	HG03432	unrel
HG03433	AFR	African	MSL	Mende in Sierra Leone	male	HG03433	unrel
HG03436	AFR	African	MSL	Mende in Sierra Leone	male	HG03436	unrels
HG03437	AFR	African	MSL	Mende in Sierra Leone	female	HG03437	unrels
HG03439	AFR	African	MSL	Mende in Sierra Leone	male	SL46	father
HG03442	AFR	African	MSL	Mende in Sierra Leone	male	HG03442	unrel
HG03445	AFR	African	MSL	Mende in Sierra Leone	male	HG03445	unrels
HG03446	AFR	African	MSL	Mende in Sierra Leone	female	HG03446	unrels
HG03449	AFR	African	MSL	Mende in Sierra Leone	female	SL49	mother
HG03451	AFR	African	MSL	Mende in Sierra Leone	male	SL50	father
HG03452	AFR	African	MSL	Mende in Sierra Leone	female	SL50	mother
HG03455	AFR	African	MSL	Mende in Sierra Leone	female	SL51	mother
HG03457	AFR	African	MSL	Mende in Sierra Leone	male	HG03457	unrel
HG03458	AFR	African	MSL	Mende in Sierra Leone	female	SL52	mother
HG03460	AFR	African	MSL	Mende in Sierra Leone	male	HG03460	unrels
HG03461	AFR	African	MSL	Mende in Sierra Leone	female	HG03461	unrels
HG03464	AFR	African	MSL	Mende in Sierra Leone	female	SL54	mother
HG03469	AFR	African	MSL	Mende in Sierra Leone	male	SL56i	father
HG03470	AFR	African	MSL	Mende in Sierra Leone	female	SL56	mother
HG03472	AFR	African	MSL	Mende in Sierra Leone	male	HG03472	unrel
HG03473	AFR	African	MSL	Mende in Sierra Leone	female	SL57	mother
HG03476	AFR	African	MSL	Mende in Sierra Leone	female	SL58	mother
HG03478	AFR	African	MSL	Mende in Sierra Leone	male	SL59	father
HG03479	AFR	African	MSL	Mende in Sierra Leone	female	SL59	mother
HG03484	AFR	African	MSL	Mende in Sierra Leone	male	SL61	father
HG03485	AFR	African	MSL	Mende in Sierra Leone	female	SL61	mother
HG03488	SAS	South Asian	PJL	Punjabi in Lahore,Pakistan	female	PK42	mother
HG03490	SAS	South Asian	PJL	Punjabi in Lahore,Pakistan	male	PK43	father
HG03491	SAS	South Asian	PJL	Punjabi in Lahore,Pakistan	female	PK43	mother
HG03499	AFR	African	ESN	Esan in Nigeria	female	NG102	
HG03511	AFR	African	ESN	Esan in Nigeria	female	NG106	mother
HG03514	AFR	African	ESN	Esan in Nigeria	female	NG107	mother
HG03515	AFR	African	ESN	Esan in Nigeria	male	NG107	father
HG03517	AFR	African	ESN	Esan in Nigeria	female	NG108	mother
HG03518	AFR	African	ESN	Esan in Nigeria	male	NG108	father
HG03520	AFR	African	ESN	Esan in Nigeria	female	NG109	mother
HG03521	AFR	African	ESN	Esan in Nigeria	male	NG109	father
HG03538	AFR	African	GWD	Gambian in Western Division, The Gambia	male	GB125	father
HG03539	AFR	African	GWD	Gambian in Western Division, The Gambia	female	GB125	mother
HG03547	AFR	African	MSL	Mende in Sierra Leone	male	HG03547	unrels
HG03548	AFR	African	MSL	Mende in Sierra Leone	female	HG03548	unrels
HG03556	AFR	African	MSL	Mende in Sierra Leone	male	HG03556	unrels
HG03557	AFR	African	MSL	Mende in Sierra Leone	female	HG03557	unrels
HG03558	AFR	African	MSL	Mende in Sierra Leone	female	HG03558	unrel
HG03559	AFR	African	MSL	Mende in Sierra Leone	male	SL66	father
HG03563	AFR	African	MSL	Mende in Sierra Leone	female	SL67	mother
HG03565	AFR	African	MSL	Mende in Sierra Leone	male	HG03565	unrel
HG03567	AFR	African	MSL	Mende in Sierra Leone	female	HG03567	unrel
HG03571	AFR	African	MSL	Mende in Sierra Leone	male	SL70	father
HG03572	AFR	African	MSL	Mende in Sierra Leone	female	SL70	mother
HG03575	AFR	African	MSL	Mende in Sierra Leone	female	SL71	mother
HG03577	AFR	African	MSL	Mende in Sierra Leone	male	SL72	father
HG03578	AFR	African	MSL	Mende in Sierra Leone	female	SL72	mother
HG03583	AFR	African	MSL	Mende in Sierra Leone	female	SL73	mother
HG03585	SAS	South Asian	BEB	Bengali in Bangladesh	male	BD4	father
HG03589	SAS	South Asian	BEB	Bengali in Bangladesh	female	BD05	mother
HG03593	SAS	South Asian	BEB	Bengali in Bangladesh	male	BD6	child
HG03594	SAS	South Asian	BEB	Bengali in Bangladesh	male	BD7	father
HG03595	SAS	South Asian	BEB	Bengali in Bangladesh	female	BD7	mother
HG03598	SAS	South Asian	BEB	Bengali in Bangladesh	female	BD8	mother
HG03600	SAS	South Asian	BEB	Bengali in Bangladesh	male	BD09	father
HG03603	SAS	South Asian	BEB	Bengali in Bangladesh	male	BD10	father
HG03604	SAS	South Asian	BEB	Bengali in Bangladesh	female	BD10	mother
HG03607	SAS	South Asian	BEB	Bengali in Bangladesh	female	BD11	mother
HG03611	SAS	South Asian	BEB	Bengali in Bangladesh	female	BD12	child
HG03615	SAS	South Asian	BEB	Bengali in Bangladesh	male	BD14	father
HG03616	SAS	South Asian	BEB	Bengali in Bangladesh	female	BD14	mother
HG03619	SAS	South Asian	PJL	Punjabi in Lahore,Pakistan	female	PK44	mother
HG03624	SAS	South Asian	PJL	Punjabi in Lahore,Pakistan	male	PK46	father
HG03625	SAS	South Asian	PJL	Punjabi in Lahore,Pakistan	female	PK46	mother
HG03629	SAS	South Asian	PJL	Punjabi in Lahore,Pakistan	male	PK47	child
HG03631	SAS	South Asian	PJL	Punjabi in Lahore,Pakistan	female	PK48	mother
HG03634	SAS	South Asian	PJL	Punjabi in Lahore,Pakistan	female	PK49	mother
HG03636	SAS	South Asian	PJL	Punjabi in Lahore,Pakistan	male	PK50	father
HG03640	SAS	South Asian	PJL	Punjabi in Lahore,Pakistan	female	PK51	mother
HG03642	SAS	South Asian	STU	Sri Lankan Tamil in the UK	female	ST006	mother
HG03643	SAS	South Asian	STU	Sri Lankan Tamil in the UK	female	ST004	mother
HG03644	SAS	South Asian	STU	Sri Lankan Tamil in the UK	male	ST004	father
HG03645	SAS	South Asian	STU	Sri Lankan Tamil in the UK	female	ST002	mother
HG03646	SAS	South Asian	STU	Sri Lankan Tamil in the UK	male	ST001	father
HG03649	SAS	South Asian	PJL	Punjabi in Lahore,Pakistan	male	PK52	father
HG03652	SAS	South Asian	PJL	Punjabi in Lahore,Pakistan	male	PK53	father
HG03653	SAS	South Asian	PJL	Punjabi in Lahore,Pakistan	female	PK53	mother
HG03660	SAS	South Asian	PJL	Punjabi in Lahore,Pakistan	male	PK55	child
HG03663	SAS	South Asian	PJL	Punjabi in Lahore,Pakistan	male	PK56	child
HG03667	SAS	South Asian	PJL	Punjabi in Lahore,Pakistan	male	PK58	father
HG03668	SAS	South Asian	PJL	Punjabi in Lahore,Pakistan	female	PK58	mother
HG03672	SAS	South Asian	STU	Sri Lankan Tamil in the UK	male	ST008	husband of Child
HG03673	SAS	South Asian	STU	Sri Lankan Tamil in the UK	female	ST010	mother
HG03679	SAS	South Asian	STU	Sri Lankan Tamil in the UK	male	ST006	father
HG03680	SAS	South Asian	STU	Sri Lankan Tamil in the UK	male	ST009	father
HG03681	SAS	South Asian	STU	Sri Lankan Tamil in the UK	male	ST011	father
HG03684	SAS	South Asian	STU	Sri Lankan Tamil in the UK	female	ST012	mother
HG03685	SAS	South Asian	STU	Sri Lankan Tamil in the UK	male	ST013	father
HG03686	SAS	South Asian	STU	Sri Lankan Tamil in the UK	male	ST014	father
HG03687	SAS	South Asian	STU	Sri Lankan Tamil in the UK	male	ST015	father
HG03689	SAS	South Asian	STU	Sri Lankan Tamil in the UK	female	ST017	mother
HG03690	SAS	South Asian	STU	Sri Lankan Tamil in the UK	female	ST018	mother
HG03691	SAS	South Asian	STU	Sri Lankan Tamil in the UK	male	ST019	father
HG03692	SAS	South Asian	STU	Sri Lankan Tamil in the UK	female	ST020	mother
HG03693	SAS	South Asian	STU	Sri Lankan Tamil in the UK	male	ST021	father
HG03694	SAS	South Asian	STU	Sri Lankan Tamil in the UK	male	ST022	father
HG03695	SAS	South Asian	STU	Sri Lankan Tamil in the UK	male	ST023	father
HG03696	SAS	South Asian	STU	Sri Lankan Tamil in the UK	male	ST024	father
HG03697	SAS	South Asian	STU	Sri Lankan Tamil in the UK	male	ST025	father
HG03698	SAS	South Asian	STU	Sri Lankan Tamil in the UK	female	ST026	mother
HG03702	SAS	South Asian	PJL	Punjabi in Lahore,Pakistan	male	PK60	father
HG03703	SAS	South Asian	PJL	Punjabi in Lahore,Pakistan	female	PK60	mother
HG03705	SAS	South Asian	PJL	Punjabi in Lahore,Pakistan	male	PK61	father
HG03706	SAS	South Asian	PJL	Punjabi in Lahore,Pakistan	female	PK61	mother
HG03708	SAS	South Asian	PJL	Punjabi in Lahore,Pakistan	male	PK62	father
HG03709	SAS	South Asian	PJL	Punjabi in Lahore,Pakistan	female	PK62	mother
HG03711	SAS	South Asian	STU	Sri Lankan Tamil in the UK	male	ST027	father
HG03713	SAS	South Asian	ITU	Indian Telugu in the UK	male	IT001	father
HG03714	SAS	South Asian	ITU	Indian Telugu in the UK	female	IT009	mother
HG03716	SAS	South Asian	ITU	Indian Telugu in the UK	male	IT009	father
HG03717	SAS	South Asian	ITU	Indian Telugu in the UK	female	IT010	mother
HG03718	SAS	South Asian	ITU	Indian Telugu in the UK	male	IT010	father
HG03720	SAS	South Asian	ITU	Indian Telugu in the UK	male	IT052	father
HG03722	SAS	South Asian	ITU	Indian Telugu in the UK	female	IT002	mother
HG03727	SAS	South Asian	ITU	Indian Telugu in the UK	male	IT003	father
HG03729	SAS	South Asian	ITU	Indian Telugu in the UK	male	IT013	father
HG03730	SAS	South Asian	ITU	Indian Telugu in the UK	female	IT011	mother
HG03731	SAS	South Asian	ITU	Indian Telugu in the UK	female	IT013	mother
HG03733	SAS	South Asian	STU	Sri Lankan Tamil in the UK	female	ST041	child
HG03736	SAS	South Asian	STU	Sri Lankan Tamil in the UK	female	ST043	mother
HG03738	SAS	South Asian	STU	Sri Lankan Tamil in the UK	male	ST044	father
HG03740	SAS	South Asian	STU	Sri Lankan Tamil in the UK	male	ST038	father
HG03741	SAS	South Asian	STU	Sri Lankan Tamil in the UK	female	ST038	mother
HG03742	SAS	South Asian	ITU	Indian Telugu in the UK	male	IT015	father
HG03743	SAS	South Asian	STU	Sri Lankan Tamil in the UK	male	ST046	father
HG03744	SAS	South Asian	STU	Sri Lankan Tamil in the UK	male	ST047	father
HG03745	SAS	South Asian	STU	Sri Lankan Tamil in the UK	male	ST049	father
HG03746	SAS	South Asian	STU	Sri Lankan Tamil in the UK	male	ST050	father
HG03750	SAS	South Asian	STU	Sri Lankan Tamil in the UK	male	ST051	father
HG03752	SAS	South Asian	STU	Sri Lankan Tamil in the UK	female	ST053	mother
HG03753	SAS	South Asian	STU	Sri Lankan Tamil in the UK	male	ST054	father
HG03754	SAS	South Asian	STU	Sri Lankan Tamil in the UK	female	ST051	mother
HG03755	SAS	South Asian	STU	Sri Lankan Tamil in the UK	male	ST052	father
HG03756	SAS	South Asian	STU	Sri Lankan Tamil in the UK	female	ST052	mother
HG03757	SAS	South Asian	STU	Sri Lankan Tamil in the UK	female	ST046	mother
HG03760	SAS	South Asian	STU	Sri Lankan Tamil in the UK	female	ST058	mother
HG03762	SAS	South Asian	PJL	Punjabi in Lahore,Pakistan	female	PK63	mother
HG03765	SAS	South Asian	PJL	Punjabi in Lahore,Pakistan	female	PK64	mother
HG03767	SAS	South Asian	PJL	Punjabi in Lahore,Pakistan	male	PK65	father
HG03770	SAS	South Asian	ITU	Indian Telugu in the UK	female	IT016	mother
HG03771	SAS	South Asian	ITU	Indian Telugu in the UK	male	IT016	father
HG03772	SAS	South Asian	ITU	Indian Telugu in the UK	female	IT004	mother
HG03773	SAS	South Asian	ITU	Indian Telugu in the UK	male	IT004	father
HG03774	SAS	South Asian	ITU	Indian Telugu in the UK	female	IT020	mother
HG03775	SAS	South Asian	ITU	Indian Telugu in the UK	male	IT020	father
HG03777	SAS	South Asian	ITU	Indian Telugu in the UK	male	IT022	father
HG03778	SAS	South Asian	ITU	Indian Telugu in the UK	male	IT21	father
HG03779	SAS	South Asian	ITU	Indian Telugu in the UK	male	IT019	father
HG03780	SAS	South Asian	ITU	Indian Telugu in the UK	female	IT039	mother
HG03781	SAS	South Asian	ITU	Indian Telugu in the UK	female	IT018	mother
HG03782	SAS	South Asian	ITU	Indian Telugu in the UK	female	IT029	mother
HG03784	SAS	South Asian	ITU	Indian Telugu in the UK	female	IT023	mother
HG03785	SAS	South Asian	ITU	Indian Telugu in the UK	male	IT024	father
HG03786	SAS	South Asian	ITU	Indian Telugu in the UK	male	IT023	father
HG03787	SAS	South Asian	ITU	Indian Telugu in the UK	female	IT027	mother
HG03788	SAS	South Asian	ITU	Indian Telugu in the UK	male	IT028	father
HG03789	SAS	South Asian	ITU	Indian Telugu in the UK	female	IT028	mother
HG03790	SAS	South Asian	ITU	Indian Telugu in the UK	male	IT025	father
HG03792	SAS	South Asian	ITU	Indian Telugu in the UK	male	IT026	father
HG03793	SAS	South Asian	BEB	Bengali in Bangladesh	female	BD15	mother
HG03796	SAS	South Asian	BEB	Bengali in Bangladesh	female	BD16	mother
HG03800	SAS	South Asian	BEB	Bengali in Bangladesh	male	BD17	father
HG03802	SAS	South Asian	BEB	Bengali in Bangladesh	female	BD18	mother
HG03803	SAS	South Asian	BEB	Bengali in Bangladesh	male	BD18	father
HG03805	SAS	South Asian	BEB	Bengali in Bangladesh	female	BD19	mother
HG03808	SAS	South Asian	BEB	Bengali in Bangladesh	female	BD20	mother
HG03809	SAS	South Asian	BEB	Bengali in Bangladesh	male	BD20	father
HG03812	SAS	South Asian	BEB	Bengali in Bangladesh	male	HG03812	unrel
HG03814	SAS	South Asian	BEB	Bengali in Bangladesh	female	BD22	mother
HG03815	SAS	South Asian	BEB	Bengali in Bangladesh	male	BD22	father
HG03817	SAS	South Asian	BEB	Bengali in Bangladesh	female	BD23	mother
HG03821	SAS	South Asian	BEB	Bengali in Bangladesh	male	BD24	father
HG03823	SAS	South Asian	BEB	Bengali in Bangladesh	female	BD25	mother
HG03824	SAS	South Asian	BEB	Bengali in Bangladesh	male	BD25	father
HG03826	SAS	South Asian	BEB	Bengali in Bangladesh	female	BD26	mother
HG03829	SAS	South Asian	BEB	Bengali in Bangladesh	female	BD27	mother
HG03830	SAS	South Asian	BEB	Bengali in Bangladesh	male	BD27	father
HG03832	SAS	South Asian	BEB	Bengali in Bangladesh	female	BD28	mother
HG03833	SAS	South Asian	BEB	Bengali in Bangladesh	male	BD28	father
HG03836	SAS	South Asian	STU	Sri Lankan Tamil in the UK	female	ST074	mother
HG03837	SAS	South Asian	STU	Sri Lankan Tamil in the UK	male	ST079	father
HG03838	SAS	South Asian	STU	Sri Lankan Tamil in the UK	female	ST078	mother
HG03844	SAS	South Asian	STU	Sri Lankan Tamil in the UK	male	ST075	father
HG03846	SAS	South Asian	STU	Sri Lankan Tamil in the UK	male	ST080	child
HG03848	SAS	South Asian	STU	Sri Lankan Tamil in the UK	male	ST084	father
HG03849	SAS	South Asian	STU	Sri Lankan Tamil in the UK	female	ST082	mother
HG03850	SAS	South Asian	STU	Sri Lankan Tamil in the UK	male	ST082	father
HG03851	SAS	South Asian	STU	Sri Lankan Tamil in the UK	male	ST089	father
HG03854	SAS	South Asian	STU	Sri Lankan Tamil in the UK	male	ST094	father
HG03856	SAS	South Asian	STU	Sri Lankan Tamil in the UK	male	ST092	father
HG03857	SAS	South Asian	STU	Sri Lankan Tamil in the UK	female	ST091	mother
HG03858	SAS	South Asian	STU	Sri Lankan Tamil in the UK	female	ST090	mother
HG03861	SAS	South Asian	ITU	Indian Telugu in the UK	female	IT032	mother
HG03862	SAS	South Asian	ITU	Indian Telugu in the UK	female	IT035	mother
HG03863	SAS	South Asian	ITU	Indian Telugu in the UK	female	IT033	mother
HG03864	SAS	South Asian	ITU	Indian Telugu in the UK	male	IT034	father
HG03866	SAS	South Asian	ITU	Indian Telugu in the UK	male	IT030	father
HG03867	SAS	South Asian	ITU	Indian Telugu in the UK	male	IT038	father
HG03868	SAS	South Asian	ITU	Indian Telugu in the UK	female	IT5	child
HG03869	SAS	South Asian	ITU	Indian Telugu in the UK	male	IT035	father
HG03870	SAS	South Asian	ITU	Indian Telugu in the UK	male	IT037	father
HG03871	SAS	South Asian	ITU	Indian Telugu in the UK	male	HG03871	unrel
HG03872	SAS	South Asian	ITU	Indian Telugu in the UK	male	IT036	father
HG03873	SAS	South Asian	ITU	Indian Telugu in the UK	female	IT030	mother
HG03874	SAS	South Asian	ITU	Indian Telugu in the UK	female	IT006	mother
HG03875	SAS	South Asian	ITU	Indian Telugu in the UK	male	IT40	father
HG03882	SAS	South Asian	ITU	Indian Telugu in the UK	female	IT039a	wife of child
HG03884	SAS	South Asian	STU	Sri Lankan Tamil in the UK	female	ST039	mother
HG03885	SAS	South Asian	STU	Sri Lankan Tamil in the UK	male	ST016	father
HG03886	SAS	South Asian	STU	Sri Lankan Tamil in the UK	female	ST016	mother
HG03887	SAS	South Asian	STU	Sri Lankan Tamil in the UK	male	ST106	father
HG03888	SAS	South Asian	STU	Sri Lankan Tamil in the UK	female	ST050	mother
HG03890	SAS	South Asian	STU	Sri Lankan Tamil in the UK	male	ST110	father
HG03894	SAS	South Asian	STU	Sri Lankan Tamil in the UK	female	ST111	mother
HG03895	SAS	South Asian	STU	Sri Lankan Tamil in the UK	female	ST107	mother
HG03896	SAS	South Asian	STU	Sri Lankan Tamil in the UK	male	ST111	father
HG03897	SAS	South Asian	STU	Sri Lankan Tamil in the UK	female	ST115	mother
HG03898	SAS	South Asian	STU	Sri Lankan Tamil in the UK	female	ST114	mother
HG03899	SAS	South Asian	STU	Sri Lankan Tamil in the UK	male	ST114	father
HG03900	SAS	South Asian	STU	Sri Lankan Tamil in the UK	male	ST115	father
HG03902	SAS	South Asian	BEB	Bengali in Bangladesh	male	HG03902	unrel
HG03905	SAS	South Asian	BEB	Bengali in Bangladesh	male	BD30	father
HG03907	SAS	South Asian	BEB	Bengali in Bangladesh	female	BD31	mother
HG03908	SAS	South Asian	BEB	Bengali in Bangladesh	male	BD31	father
HG03910	SAS	South Asian	BEB	Bengali in Bangladesh	female	BD32	mother
HG03911	SAS	South Asian	BEB	Bengali in Bangladesh	male	BD32	father
HG03913	SAS	South Asian	BEB	Bengali in Bangladesh	female	BD33	mother
HG03914	SAS	South Asian	BEB	Bengali in Bangladesh	male	BD33	father
HG03916	SAS	South Asian	BEB	Bengali in Bangladesh	female	HG03916	unrel
HG03917	SAS	South Asian	BEB	Bengali in Bangladesh	male	BD34	father
HG03919	SAS	South Asian	BEB	Bengali in Bangladesh	female	BD35	mother
HG03920	SAS	South Asian	BEB	Bengali in Bangladesh	male	BD35	father
HG03922	SAS	South Asian	BEB	Bengali in Bangladesh	female	BD36	mother
HG03925	SAS	South Asian	BEB	Bengali in Bangladesh	female	BD37	mother
HG03926	SAS	South Asian	BEB	Bengali in Bangladesh	male	BD37	father
HG03928	SAS	South Asian	BEB	Bengali in Bangladesh	female	BD38	mother
HG03931	SAS	South Asian	BEB	Bengali in Bangladesh	female	BD39	mother
HG03934	SAS	South Asian	BEB	Bengali in Bangladesh	female	BD40	mother
HG03937	SAS	South Asian	BEB	Bengali in Bangladesh	female	BD41	mother
HG03940	SAS	South Asian	BEB	Bengali in Bangladesh	female	BD42	mother
HG03941	SAS	South Asian	BEB	Bengali in Bangladesh	male	BD42	father
HG03943	SAS	South Asian	STU	Sri Lankan Tamil in the UK	male	ST116	father
HG03944	SAS	South Asian	STU	Sri Lankan Tamil in the UK	female	ST116	mother
HG03945	SAS	South Asian	STU	Sri Lankan Tamil in the UK	female	ST117	mother
HG03947	SAS	South Asian	STU	Sri Lankan Tamil in the UK	female	ST118	mother
HG03949	SAS	South Asian	STU	Sri Lankan Tamil in the UK	female	ST123	mother
HG03950	SAS	South Asian	STU	Sri Lankan Tamil in the UK	male	ST090	father
HG03951	SAS	South Asian	STU	Sri Lankan Tamil in the UK	female	ST013	mother
HG03953	SAS	South Asian	STU	Sri Lankan Tamil in the UK	male	ST122	father
HG03955	SAS	South Asian	STU	Sri Lankan Tamil in the UK	female	ST119	mother
HG03960	SAS	South Asian	ITU	Indian Telugu in the UK	male	IT044	father
HG03963	SAS	South Asian	ITU	Indian Telugu in the UK	male	IT042	father
HG03965	SAS	South Asian	ITU	Indian Telugu in the UK	male	IT45	father
HG03967	SAS	South Asian	ITU	Indian Telugu in the UK	male	IT51	
HG03968	SAS	South Asian	ITU	Indian Telugu in the UK	female	IT046	mother
HG03969	SAS	South Asian	ITU	Indian Telugu in the UK	male	IT046	father
HG03971	SAS	South Asian	ITU	Indian Telugu in the UK	male	IT048	father
HG03973	SAS	South Asian	ITU	Indian Telugu in the UK	female	IT050	mother
HG03974	SAS	South Asian	ITU	Indian Telugu in the UK	male	IT049	father
HG03976	SAS	South Asian	ITU	Indian Telugu in the UK	male	IT050	father
HG03977	SAS	South Asian	ITU	Indian Telugu in the UK	female	IT047	mother
HG03978	SAS	South Asian	ITU	Indian Telugu in the UK	male	IT047	father
HG03985	SAS	South Asian	STU	Sri Lankan Tamil in the UK	male	ST144	father
HG03986	SAS	South Asian	STU	Sri Lankan Tamil in the UK	female	ST106	mother
HG03989	SAS	South Asian	STU	Sri Lankan Tamil in the UK	female	ST145	mother
HG03990	SAS	South Asian	STU	Sri Lankan Tamil in the UK	male	ST142	father
HG03991	SAS	South Asian	STU	Sri Lankan Tamil in the UK	male	ST143	father
HG03995	SAS	South Asian	STU	Sri Lankan Tamil in the UK	female	ST021	mother
HG03998	SAS	South Asian	STU	Sri Lankan Tamil in the UK	male	ST147	father
HG03999	SAS	South Asian	STU	Sri Lankan Tamil in the UK	male	ST007	child
HG04001	SAS	South Asian	ITU	Indian Telugu in the UK	female	IT053	mother
HG04002	SAS	South Asian	ITU	Indian Telugu in the UK	male	IT053	father
HG04003	SAS	South Asian	STU	Sri Lankan Tamil in the UK	male	ST152	father
HG04006	SAS	South Asian	STU	Sri Lankan Tamil in the UK	male	ST078	father
HG04014	SAS	South Asian	ITU	Indian Telugu in the UK	female	IT059	mother
HG04015	SAS	South Asian	ITU	Indian Telugu in the UK	male	IT060	father
HG04017	SAS	South Asian	ITU	Indian Telugu in the UK	male	IT061	father
HG04018	SAS	South Asian	ITU	Indian Telugu in the UK	female	IT007	mother
HG04019	SAS	South Asian	ITU	Indian Telugu in the UK	male	IT056	father
HG04020	SAS	South Asian	ITU	Indian Telugu in the UK	male	IT059	father
HG04022	SAS	South Asian	ITU	Indian Telugu in the UK	male	IT062	father
HG04023	SAS	South Asian	ITU	Indian Telugu in the UK	male	IT058	father
HG04025	SAS	South Asian	ITU	Indian Telugu in the UK	female	IT058	mother
HG04026	SAS	South Asian	ITU	Indian Telugu in the UK	female	IT061	mother
HG04029	SAS	South Asian	STU	Sri Lankan Tamil in the UK	female	ST154	mother
HG04033	SAS	South Asian	STU	Sri Lankan Tamil in the UK	male	ST076	father
HG04035	SAS	South Asian	STU	Sri Lankan Tamil in the UK	female	ST094	mother
HG04038	SAS	South Asian	STU	Sri Lankan Tamil in the UK	female	ST170	mother
HG04039	SAS	South Asian	STU	Sri Lankan Tamil in the UK	male	ST172	father
HG04042	SAS	South Asian	STU	Sri Lankan Tamil in the UK	female	ST171	mother
HG04047	SAS	South Asian	STU	Sri Lankan Tamil in the UK	female	ST173	mother
HG04054	SAS	South Asian	ITU	Indian Telugu in the UK	female	IT180	mother
HG04056	SAS	South Asian	ITU	Indian Telugu in the UK	male	IT180	father
HG04059	SAS	South Asian	ITU	Indian Telugu in the UK	female	IT184	mother
HG04060	SAS	South Asian	ITU	Indian Telugu in the UK	male	IT183	father
HG04061	SAS	South Asian	ITU	Indian Telugu in the UK	male	IT182	father
HG04062	SAS	South Asian	ITU	Indian Telugu in the UK	female	IT182	mother
HG04063	SAS	South Asian	ITU	Indian Telugu in the UK	female	IT183	mother
HG04070	SAS	South Asian	ITU	Indian Telugu in the UK	female	IT45	mother
HG04075	SAS	South Asian	STU	Sri Lankan Tamil in the UK	female	ST190	mother
HG04076	SAS	South Asian	ITU	Indian Telugu in the UK	female	IT191	mother
HG04080	SAS	South Asian	ITU	Indian Telugu in the UK	male	IT194	father
HG04090	SAS	South Asian	ITU	Indian Telugu in the UK	female	IT199	mother
HG04093	SAS	South Asian	ITU	Indian Telugu in the UK	male	IT199	father
HG04094	SAS	South Asian	ITU	Indian Telugu in the UK	male	IT201	father
HG04096	SAS	South Asian	ITU	Indian Telugu in the UK	male	IT202	father
HG04098	SAS	South Asian	ITU	Indian Telugu in the UK	male	IT205	father
HG04099	SAS	South Asian	STU	Sri Lankan Tamil in the UK	female	ST203	mother
HG04100	SAS	South Asian	STU	Sri Lankan Tamil in the UK	male	ST203	father
HG04106	SAS	South Asian	STU	Sri Lankan Tamil in the UK	female	ST176	mother
HG04107	SAS	South Asian	STU	Sri Lankan Tamil in the UK	male	ST176	father
HG04118	SAS	South Asian	ITU	Indian Telugu in the UK	female	IT214	mother
HG04131	SAS	South Asian	BEB	Bengali in Bangladesh	male	BD44	father
HG04134	SAS	South Asian	BEB	Bengali in Bangladesh	male	BD45	father
HG04140	SAS	South Asian	BEB	Bengali in Bangladesh	male	BD47	father
HG04141	SAS	South Asian	BEB	Bengali in Bangladesh	female	BD47	mother
HG04144	SAS	South Asian	BEB	Bengali in Bangladesh	female	BD48	mother
HG04146	SAS	South Asian	BEB	Bengali in Bangladesh	male	BD49	father
HG04152	SAS	South Asian	BEB	Bengali in Bangladesh	male	BD51	father
HG04153	SAS	South Asian	BEB	Bengali in Bangladesh	female	BD51	mother
HG04155	SAS	South Asian	BEB	Bengali in Bangladesh	male	BD52	father
HG04156	SAS	South Asian	BEB	Bengali in Bangladesh	female	BD52	mother
HG04158	SAS	South Asian	BEB	Bengali in Bangladesh	male	BD53	father
HG04159	SAS	South Asian	BEB	Bengali in Bangladesh	female	BD53	mother
HG04161	SAS	South Asian	BEB	Bengali in Bangladesh	male	BD54	father
HG04162	SAS	South Asian	BEB	Bengali in Bangladesh	female	BD54	mother
HG04164	SAS	South Asian	BEB	Bengali in Bangladesh	male	BD55	father
HG04171	SAS	South Asian	BEB	Bengali in Bangladesh	female	BD57	mother
HG04173	SAS	South Asian	BEB	Bengali in Bangladesh	male	BD58	father
HG04176	SAS	South Asian	BEB	Bengali in Bangladesh	male	BD59	father
HG04177	SAS	South Asian	BEB	Bengali in Bangladesh	female	BD59	mother
HG04180	SAS	South Asian	BEB	Bengali in Bangladesh	female	BD60	mother
HG04182	SAS	South Asian	BEB	Bengali in Bangladesh	male	BD61	father
HG04183	SAS	South Asian	BEB	Bengali in Bangladesh	female	BD61	mother
HG04185	SAS	South Asian	BEB	Bengali in Bangladesh	male	BD62	father
HG04186	SAS	South Asian	BEB	Bengali in Bangladesh	female	BD62	mother
HG04188	SAS	South Asian	BEB	Bengali in Bangladesh	male	BD63	father
HG04189	SAS	South Asian	BEB	Bengali in Bangladesh	female	BD63	mother
HG04194	SAS	South Asian	BEB	Bengali in Bangladesh	male	BD65	father
HG04195	SAS	South Asian	BEB	Bengali in Bangladesh	female	BD65	mother
HG04198	SAS	South Asian	ITU	Indian Telugu in the UK	male	IT220	father
HG04200	SAS	South Asian	ITU	Indian Telugu in the UK	female	IT220	mother
HG04202	SAS	South Asian	ITU	Indian Telugu in the UK	female	IT222	mother
HG04206	SAS	South Asian	ITU	Indian Telugu in the UK	male	HG04206	unrel
HG04209	SAS	South Asian	ITU	Indian Telugu in the UK	female	IT217	mother
HG04210	SAS	South Asian	STU	Sri Lankan Tamil in the UK	male	ST186	father
HG04211	SAS	South Asian	ITU	Indian Telugu in the UK	male	IT223	father
HG04212	SAS	South Asian	ITU	Indian Telugu in the UK	female	IT223	mother
HG04214	SAS	South Asian	ITU	Indian Telugu in the UK	female	IT226	mother
HG04216	SAS	South Asian	ITU	Indian Telugu in the UK	female	IT227	mother
HG04219	SAS	South Asian	ITU	Indian Telugu in the UK	male	IT228	child
HG04222	SAS	South Asian	ITU	Indian Telugu in the UK	male	IT225	father
HG04225	SAS	South Asian	ITU	Indian Telugu in the UK	male	IT231	father
HG04227	SAS	South Asian	STU	Sri Lankan Tamil in the UK	female	ST232	mother
HG04229	SAS	South Asian	STU	Sri Lankan Tamil in the UK	male	ST232	father
HG04235	SAS	South Asian	ITU	Indian Telugu in the UK	male	IT237	father
HG04238	SAS	South Asian	ITU	Indian Telugu in the UK	male	IT240	father
HG04239	SAS	South Asian	ITU	Indian Telugu in the UK	male	HG04239	unrel
NA06984	EUR	European	CEU	Utah residents with Northern and Western European ancestry	male	1328	father
NA06985	EUR	European	CEU	Utah residents with Northern and Western European ancestry	female	1341	mat grandmother
NA06986	EUR	European	CEU	Utah residents with Northern and Western European ancestry	male	13291	mat grandfather
NA06989	EUR	European	CEU	Utah residents with Northern and Western European ancestry	female	1328	mother
NA06994	EUR	European	CEU	Utah residents with Northern and Western European ancestry	male	1340	pat grandfather
NA07000	EUR	European	CEU	Utah residents with Northern and Western European ancestry	female	1340	pat grandmother
NA07037	EUR	European	CEU	Utah residents with Northern and Western European ancestry	female	13291	pat grandmother
NA07048	EUR	European	CEU	Utah residents with Northern and Western European ancestry	male	1341	father
NA07051	EUR	European	CEU	Utah residents with Northern and Western European ancestry	male	13292	mat grandfather
NA07056	EUR	European	CEU	Utah residents with Northern and Western European ancestry	female	1340	mat grandmother
NA07347	EUR	European	CEU	Utah residents with Northern and Western European ancestry	male	1345	pat grandfather
NA07357	EUR	European	CEU	Utah residents with Northern and Western European ancestry	male	1345	mat grandfather
NA10847	EUR	European	CEU	Utah residents with Northern and Western European ancestry	female	1334	mother
NA10851	EUR	European	CEU	Utah residents with Northern and Western European ancestry	male	1344	father
NA11829	EUR	European	CEU	Utah residents with Northern and Western European ancestry	male	1350	pat grandfather
NA11830	EUR	European	CEU	Utah residents with Northern and Western European ancestry	female	1350	pat grandmother
NA11831	EUR	European	CEU	Utah residents with Northern and Western European ancestry	male	1350	mat grandfather
NA11832	EUR	European	CEU	Utah residents with Northern and Western European ancestry	female	1350	mat grandmother
NA11840	EUR	European	CEU	Utah residents with Northern and Western European ancestry	female	1349	mat grandmother
NA11843	EUR	European	CEU	Utah residents with Northern and Western European ancestry	male	1349	pat grandfather
NA11881	EUR	European	CEU	Utah residents with Northern and Western European ancestry	male	1347	mat grandfather
NA11892	EUR	European	CEU	Utah residents with Northern and Western European ancestry	female	1377	pat grandmother
NA11893	EUR	European	CEU	Utah residents with Northern and Western European ancestry	male	1377	mat grandfather
NA11894	EUR	European	CEU	Utah residents with Northern and Western European ancestry	female	1377	mat grandmother
NA11918	EUR	European	CEU	Utah residents with Northern and Western European ancestry	female	1423	pat grandmother
NA11919	EUR	European	CEU	Utah residents with Northern and Western European ancestry	male	1423	mat grandfather
NA11920	EUR	European	CEU	Utah residents with Northern and Western European ancestry	female	1423	mat grandmother
NA11930	EUR	European	CEU	Utah residents with Northern and Western European ancestry	male	1424	pat grandfather
NA11931	EUR	European	CEU	Utah residents with Northern and Western European ancestry	female	1424	pat grandmother
NA11932	EUR	European	CEU	Utah residents with Northern and Western European ancestry	male	1424a	mat grandfather
NA11933	EUR	European	CEU	Utah residents with Northern and Western European ancestry	female	1424a	mat grandmother
NA11992	EUR	European	CEU	Utah residents with Northern and Western European ancestry	male	1362	pat grandfather
NA11994	EUR	European	CEU	Utah residents with Northern and Western European ancestry	male	1362	mat grandfather
NA11995	EUR	European	CEU	Utah residents with Northern and Western European ancestry	female	1362	mat grandmother
NA12003	EUR	European	CEU	Utah residents with Northern and Western European ancestry	male	1420	pat grandfather
NA12004	EUR	European	CEU	Utah residents with Northern and Western European ancestry	female	1420	pat grandmother
NA12005	EUR	European	CEU	Utah residents with Northern and Western European ancestry	male	1420	mat grandfather
NA12006	EUR	European	CEU	Utah residents with Northern and Western European ancestry	female	1420	mat grandmother
NA12043	EUR	European	CEU	Utah residents with Northern and Western European ancestry	male	1346	pat grandfather
NA12044	EUR	European	CEU	Utah residents with Northern and Western European ancestry	female	1346	pat grandmother
NA12045	EUR	European	CEU	Utah residents with Northern and Western European ancestry	male	1346	mat grandfather
NA12046	EUR	European	CEU	Utah residents with Northern and Western European ancestry	female	1346	mat grandmother
NA12058	EUR	European	CEU	Utah residents with Northern and Western European ancestry	female	1344	mat grandmother
NA12144	EUR	European	CEU	Utah residents with Northern and Western European ancestry	male	1334	pat grandfather
NA12154	EUR	European	CEU	Utah residents with Northern and Western European ancestry	male	1408	pat grandfather
NA12155	EUR	European	CEU	Utah residents with Northern and Western European ancestry	male	1408	mat grandfather
NA12156	EUR	European	CEU	Utah residents with Northern and Western European ancestry	female	1408	mat grandmother
NA12234	EUR	European	CEU	Utah residents with Northern and Western European ancestry	female	1375	mat grandmother
NA12249	EUR	European	CEU	Utah residents with Northern and Western European ancestry	female	1416	pat grandmother
NA12272	EUR	European	CEU	Utah residents with Northern and Western European ancestry	male	1418	pat grandfather
NA12273	EUR	European	CEU	Utah residents with Northern and Western European ancestry	female	1418	pat grandmother
NA12275	EUR	European	CEU	Utah residents with Northern and Western European ancestry	female	1418	mat grandmother
NA12282	EUR	European	CEU	Utah residents with Northern and Western European ancestry	male	1421a	pat grandfather
NA12283	EUR	European	CEU	Utah residents with Northern and Western European ancestry	female	1421a	pat grandmother
NA12286	EUR	European	CEU	Utah residents with Northern and Western European ancestry	male	1421	mat grandfather
NA12287	EUR	European	CEU	Utah residents with Northern and Western European ancestry	female	1421	mat grandmother
NA12340	EUR	European	CEU	Utah residents with Northern and Western European ancestry	male	1330	pat grandfather
NA12341	EUR	European	CEU	Utah residents with Northern and Western European ancestry	female	1330	pat grandmother
NA12342	EUR	European	CEU	Utah residents with Northern and Western European ancestry	male	1330	mat grandfather
NA12347	EUR	European	CEU	Utah residents with Northern and Western European ancestry	male	13281	pat grandfather
NA12348	EUR	European	CEU	Utah residents with Northern and Western European ancestry	female	13281	pat grandmother
NA12383	EUR	European	CEU	Utah residents with Northern and Western European ancestry	female	1353	pat grandmother
NA12399	EUR	European	CEU	Utah residents with Northern and Western European ancestry	male	1354	mat grandfather
NA12400	EUR	European	CEU	Utah residents with Northern and Western European ancestry	female	1354	mat grandmother
NA12413	EUR	European	CEU	Utah residents with Northern and Western European ancestry	male	1355	pat grandfather
NA12414	EUR	European	CEU	Utah residents with Northern and Western European ancestry	female	1355	pat grandmother
NA12489	EUR	European	CEU	Utah residents with Northern and Western European ancestry	female	1353	mat grandmother
NA12546	EUR	European	CEU	Utah residents with Northern and Western European ancestry	male	1353	mat grandfather
NA12716	EUR	European	CEU	Utah residents with Northern and Western European ancestry	male	1358	pat grandfather
NA12717	EUR	European	CEU	Utah residents with Northern and Western European ancestry	female	1358	pat grandmother
NA12718	EUR	European	CEU	Utah residents with Northern and Western European ancestry	female	1358	mat grandmother
NA12748	EUR	European	CEU	Utah residents with Northern and Western European ancestry	male	1444	pat grandfather
NA12749	EUR	European	CEU	Utah residents with Northern and Western European ancestry	female	1444	pat grandmother
NA12750	EUR	European	CEU	Utah residents with Northern and Western European ancestry	male	1444	mat grandfather
NA12751	EUR	European	CEU	Utah residents with Northern and Western European ancestry	female	1444	mat grandmother
NA12760	EUR	European	CEU	Utah residents with Northern and Western European ancestry	male	1447	pat grandfather
NA12761	EUR	European	CEU	Utah residents with Northern and Western European ancestry	female	1447	pat grandmother
NA12762	EUR	European	CEU	Utah residents with Northern and Western European ancestry	male	1447	mat grandfather
NA12763	EUR	European	CEU	Utah residents with Northern and Western European ancestry	female	1447	mat grandmother
NA12775	EUR	European	CEU	Utah residents with Northern and Western European ancestry	male	1451	pat grandfather
NA12776	EUR	European	CEU	Utah residents with Northern and Western European ancestry	female	1451	pat grandmother
NA12777	EUR	European	CEU	Utah residents with Northern and Western European ancestry	male	1451	mat grandfather
NA12778	EUR	European	CEU	Utah residents with Northern and Western European ancestry	female	1451	mat grandmother
NA12812	EUR	European	CEU	Utah residents with Northern and Western European ancestry	male	1454	pat grandfather
NA12813	EUR	European	CEU	Utah residents with Northern and Western European ancestry	female	1454	pat grandmother
NA12814	EUR	European	CEU	Utah residents with Northern and Western European ancestry	male	1454	mat grandfather
NA12815	EUR	European	CEU	Utah residents with Northern and Western European ancestry	female	1454	mat grandmother
NA12827	EUR	European	CEU	Utah residents with Northern and Western European ancestry	male	1456	pat grandfather
NA12828	EUR	European	CEU	Utah residents with Northern and Western European ancestry	female	1456	pat grandmother
NA12829	EUR	European	CEU	Utah residents with Northern and Western European ancestry	male	1456	mat grandfather
NA12830	EUR	European	CEU	Utah residents with Northern and Western European ancestry	female	1456	mat grandmother
NA12842	EUR	European	CEU	Utah residents with Northern and Western European ancestry	male	1458	mat grandfather
NA12843	EUR	European	CEU	Utah residents with Northern and Western European ancestry	female	1458	mat grandmother
NA12872	EUR	European	CEU	Utah residents with Northern and Western European ancestry	male	1459	pat grandfather
NA12873	EUR	European	CEU	Utah residents with Northern and Western European ancestry	female	1459	pat grandmother
NA12874	EUR	European	CEU	Utah residents with Northern and Western European ancestry	male	1459	mat grandfather
NA12878	EUR	European	CEU	Utah residents with Northern and Western European ancestry	female	1463	mother; child
NA12889	EUR	European	CEU	Utah residents with Northern and Western European ancestry	male	1463	pat grandfather; father
NA12890	EUR	European	CEU	Utah residents with Northern and Western European ancestry	female	1463	pat grandmother; mother
NA18486	AFR	African	YRI	Yoruba in Ibadan, Nigeria	male	Y001	father
NA18488	AFR	African	YRI	Yoruba in Ibadan, Nigeria	female	Y001	mother
NA18489	AFR	African	YRI	Yoruba in Ibadan, Nigeria	female	Y002	mother
NA18499	AFR	African	YRI	Yoruba in Ibadan, Nigeria	female	Y003	mother
NA18501	AFR	African	YRI	Yoruba in Ibadan, Nigeria	male	Y004	father
NA18502	AFR	African	YRI	Yoruba in Ibadan, Nigeria	female	Y004	mother
NA18504	AFR	African	YRI	Yoruba in Ibadan, Nigeria	male	Y005	father
NA18505	AFR	African	YRI	Yoruba in Ibadan, Nigeria	female	Y005	mother
NA18507	AFR	African	YRI	Yoruba in Ibadan, Nigeria	male	Y009	father
NA18508	AFR	African	YRI	Yoruba in Ibadan, Nigeria	female	Y009	mother
NA18510	AFR	African	YRI	Yoruba in Ibadan, Nigeria	male	Y010a	not father
NA18511	AFR	African	YRI	Yoruba in Ibadan, Nigeria	female	Y010	mother
NA18516	AFR	African	YRI	Yoruba in Ibadan, Nigeria	male	Y013	father
NA18517	AFR	African	YRI	Yoruba in Ibadan, Nigeria	female	Y013	mother
NA18519	AFR	African	YRI	Yoruba in Ibadan, Nigeria	male	Y014	father
NA18520	AFR	African	YRI	Yoruba in Ibadan, Nigeria	female	Y014	mother
NA18522	AFR	African	YRI	Yoruba in Ibadan, Nigeria	male	Y016	father
NA18523	AFR	African	YRI	Yoruba in Ibadan, Nigeria	female	Y016	mother
NA18525	EAS	East Asian	CHB	Han Chinese in Bejing, China	female	NA18525	
NA18526	EAS	East Asian	CHB	Han Chinese in Bejing, China	female	NA18526	
NA18528	EAS	East Asian	CHB	Han Chinese in Bejing, China	female	NA18528	
NA18530	EAS	East Asian	CHB	Han Chinese in Bejing, China	male	NA18530	
NA18531	EAS	East Asian	CHB	Han Chinese in Bejing, China	female	NA18531	
NA18532	EAS	East Asian	CHB	Han Chinese in Bejing, China	female	NA18532	
NA18533	EAS	East Asian	CHB	Han Chinese in Bejing, China	female	NA18533	
NA18534	EAS	East Asian	CHB	Han Chinese in Bejing, China	male	NA18534	
NA18535	EAS	East Asian	CHB	Han Chinese in Bejing, China	female	NA18535	
NA18536	EAS	East Asian	CHB	Han Chinese in Bejing, China	male	NA18536	
NA18537	EAS	East Asian	CHB	Han Chinese in Bejing, China	female	NA18537	
NA18538	EAS	East Asian	CHB	Han Chinese in Bejing, China	female	NA18538	
NA18539	EAS	East Asian	CHB	Han Chinese in Bejing, China	female	NA18539	
NA18541	EAS	East Asian	CHB	Han Chinese in Bejing, China	female	NA18541	
NA18542	EAS	East Asian	CHB	Han Chinese in Bejing, China	female	NA18542	
NA18543	EAS	East Asian	CHB	Han Chinese in Bejing, China	male	NA18543	
NA18544	EAS	East Asian	CHB	Han Chinese in Bejing, China	male	NA18544	
NA18545	EAS	East Asian	CHB	Han Chinese in Bejing, China	female	NA18545	
NA18546	EAS	East Asian	CHB	Han Chinese in Bejing, China	male	NA18546	
NA18547	EAS	East Asian	CHB	Han Chinese in Bejing, China	female	NA18547	
NA18548	EAS	East Asian	CHB	Han Chinese in Bejing, China	male	NA18548	
NA18549	EAS	East Asian	CHB	Han Chinese in Bejing, China	male	NA18549	
NA18550	EAS	East Asian	CHB	Han Chinese in Bejing, China	female	NA18550	
NA18552	EAS	East Asian	CHB	Han Chinese in Bejing, China	female	NA18552	
NA18553	EAS	East Asian	CHB	Han Chinese in Bejing, China	female	NA18553	
NA18555	EAS	East Asian	CHB	Han Chinese in Bejing, China	female	NA18555	
NA18557	EAS	East Asian	CHB	Han Chinese in Bejing, China	male	NA18557	
NA18558	EAS	East Asian	CHB	Han Chinese in Bejing, China	male	NA18558	
NA18559	EAS	East Asian	CHB	Han Chinese in Bejing, China	male	NA18559	
NA18560	EAS	East Asian	CHB	Han Chinese in Bejing, China	female	NA18560	
NA18561	EAS	East Asian	CHB	Han Chinese in Bejing, China	male	NA18561	
NA18562	EAS	East Asian	CHB	Han Chinese in Bejing, China	male	NA18562	
NA18563	EAS	East Asian	CHB	Han Chinese in Bejing, China	male	NA18563	
NA18564	EAS	East Asian	CHB	Han Chinese in Bejing, China	female	NA18564	
NA18565	EAS	East Asian	CHB	Han Chinese in Bejing, China	female	NA18565	
NA18566	EAS	East Asian	CHB	Han Chinese in Bejing, China	female	NA18566	
NA18567	EAS	East Asian	CHB	Han Chinese in Bejing, China	female	NA18567	
NA18570	EAS	East Asian	CHB	Han Chinese in Bejing, China	female	NA18570	
NA18571	EAS	East Asian	CHB	Han Chinese in Bejing, China	female	NA18571	
NA18572	EAS	East Asian	CHB	Han Chinese in Bejing, China	male	NA18572	
NA18573	EAS	East Asian	CHB	Han Chinese in Bejing, China	female	NA18573	
NA18574	EAS	East Asian	CHB	Han Chinese in Bejing, China	female	NA18574	
NA18577	EAS	East Asian	CHB	Han Chinese in Bejing, China	female	NA18577	
NA18579	EAS	East Asian	CHB	Han Chinese in Bejing, China	female	NA18579	
NA18582	EAS	East Asian	CHB	Han Chinese in Bejing, China	female	NA18582	
NA18591	EAS	East Asian	CHB	Han Chinese in Bejing, China	female	NA18591	unrel
NA18592	EAS	East Asian	CHB	Han Chinese in Bejing, China	female	NA18592	
NA18593	EAS	East Asian	CHB	Han Chinese in Bejing, China	female	NA18593	
NA18595	EAS	East Asian	CHB	Han Chinese in Bejing, China	female	NA18595	
NA18596	EAS	East Asian	CHB	Han Chinese in Bejing, China	female	NA18596	
NA18597	EAS	East Asian	CHB	Han Chinese in Bejing, China	female	NA18597	
NA18599	EAS	East Asian	CHB	Han Chinese in Bejing, China	female	NA18599	
NA18602	EAS	East Asian	CHB	Han Chinese in Bejing, China	female	NA18602	
NA18603	EAS	East Asian	CHB	Han Chinese in Bejing, China	male	NA18603	
NA18605	EAS	East Asian	CHB	Han Chinese in Bejing, China	male	NA18605	
NA18606	EAS	East Asian	CHB	Han Chinese in Bejing, China	male	NA18606	
NA18608	EAS	East Asian	CHB	Han Chinese in Bejing, China	male	NA18608	
NA18609	EAS	East Asian	CHB	Han Chinese in Bejing, China	male	NA18609	
NA18610	EAS	East Asian	CHB	Han Chinese in Bejing, China	female	NA18610	
NA18611	EAS	East Asian	CHB	Han Chinese in Bejing, China	male	NA18611	
NA18612	EAS	East Asian	CHB	Han Chinese in Bejing, China	male	NA18612	
NA18613	EAS	East Asian	CHB	Han Chinese in Bejing, China	male	NA18613	
NA18614	EAS	East Asian	CHB	Han Chinese in Bejing, China	female	NA18614	
NA18615	EAS	East Asian	CHB	Han Chinese in Bejing, China	female	NA18615	
NA18616	EAS	East Asian	CHB	Han Chinese in Bejing, China	female	NA18616	
NA18617	EAS	East Asian	CHB	Han Chinese in Bejing, China	female	NA18617	
NA18618	EAS	East Asian	CHB	Han Chinese in Bejing, China	female	NA18618	
NA18619	EAS	East Asian	CHB	Han Chinese in Bejing, China	female	NA18619	
NA18620	EAS	East Asian	CHB	Han Chinese in Bejing, China	male	NA18620	
NA18621	EAS	East Asian	CHB	Han Chinese in Bejing, China	male	NA18621	
NA18622	EAS	East Asian	CHB	Han Chinese in Bejing, China	male	NA18622	
NA18623	EAS	East Asian	CHB	Han Chinese in Bejing, China	male	NA18623	
NA18624	EAS	East Asian	CHB	Han Chinese in Bejing, China	male	NA18624	
NA18625	EAS	East Asian	CHB	Han Chinese in Bejing, China	female	NA18625	
NA18626	EAS	East Asian	CHB	Han Chinese in Bejing, China	female	NA18626	
NA18627	EAS	East Asian	CHB	Han Chinese in Bejing, China	female	NA18627	
NA18628	EAS	East Asian	CHB	Han Chinese in Bejing, China	female	NA18628	
NA18629	EAS	East Asian	CHB	Han Chinese in Bejing, China	male	NA18629	unrel
NA18630	EAS	East Asian	CHB	Han Chinese in Bejing, China	female	NA18630	
NA18631	EAS	East Asian	CHB	Han Chinese in Bejing, China	female	NA18631	
NA18632	EAS	East Asian	CHB	Han Chinese in Bejing, China	male	NA18632	
NA18633	EAS	East Asian	CHB	Han Chinese in Bejing, China	male	NA18633	
NA18634	EAS	East Asian	CHB	Han Chinese in Bejing, China	female	NA18634	
NA18635	EAS	East Asian	CHB	Han Chinese in Bejing, China	male	NA18635	
NA18636	EAS	East Asian	CHB	Han Chinese in Bejing, China	male	NA18636	
NA18637	EAS	East Asian	CHB	Han Chinese in Bejing, China	male	NA18637	
NA18638	EAS	East Asian	CHB	Han Chinese in Bejing, China	male	NA18638	
NA18639	EAS	East Asian	CHB	Han Chinese in Bejing, China	male	NA18639	
NA18640	EAS	East Asian	CHB	Han Chinese in Bejing, China	female	NA18640	
NA18641	EAS	East Asian	CHB	Han Chinese in Bejing, China	female	NA18641	
NA18642	EAS	East Asian	CHB	Han Chinese in Bejing, China	female	NA18642	
NA18643	EAS	East Asian	CHB	Han Chinese in Bejing, China	male	NA18643	
NA18644	EAS	East Asian	CHB	Han Chinese in Bejing, China	female	NA18644	unrel
NA18645	EAS	East Asian	CHB	Han Chinese in Bejing, China	male	NA18645	
NA18646	EAS	East Asian	CHB	Han Chinese in Bejing, China	female	NA18646	unrel
NA18647	EAS	East Asian	CHB	Han Chinese in Bejing, China	male	NA18647	
NA18648	EAS	East Asian	CHB	Han Chinese in Bejing, China	male	NA18648	unrel
NA18740	EAS	East Asian	CHB	Han Chinese in Bejing, China	male	NA18740	
NA18745	EAS	East Asian	CHB	Han Chinese in Bejing, China	male	NA18745	
NA18747	EAS	East Asian	CHB	Han Chinese in Bejing, China	male	NA18747	
NA18748	EAS	East Asian	CHB	Han Chinese in Bejing, China	male	NA18748	
NA18749	EAS	East Asian	CHB	Han Chinese in Bejing, China	male	NA18749	
NA18757	EAS	East Asian	CHB	Han Chinese in Bejing, China	male	NA18757	
NA18853	AFR	African	YRI	Yoruba in Ibadan, Nigeria	male	Y018	father
NA18856	AFR	African	YRI	Yoruba in Ibadan, Nigeria	male	Y023	father
NA18858	AFR	African	YRI	Yoruba in Ibadan, Nigeria	female	Y012	mother
NA18861	AFR	African	YRI	Yoruba in Ibadan, Nigeria	female	Y024	mother
NA18864	AFR	African	YRI	Yoruba in Ibadan, Nigeria	female	Y026	mother
NA18865	AFR	African	YRI	Yoruba in Ibadan, Nigeria	male	Y026	father
NA18867	AFR	African	YRI	Yoruba in Ibadan, Nigeria	female	Y007	mother
NA18868	AFR	African	YRI	Yoruba in Ibadan, Nigeria	male	Y007	father
NA18870	AFR	African	YRI	Yoruba in Ibadan, Nigeria	female	Y017	mother
NA18871	AFR	African	YRI	Yoruba in Ibadan, Nigeria	male	Y017	father
NA18873	AFR	African	YRI	Yoruba in Ibadan, Nigeria	female	Y019	mother
NA18874	AFR	African	YRI	Yoruba in Ibadan, Nigeria	male	Y019	father
NA18876	AFR	African	YRI	Yoruba in Ibadan, Nigeria	female	Y020	mother
NA18877	AFR	African	YRI	Yoruba in Ibadan, Nigeria	male	Y020	father
NA18878	AFR	African	YRI	Yoruba in Ibadan, Nigeria	female	Y021	mother
NA18879	AFR	African	YRI	Yoruba in Ibadan, Nigeria	male	Y021	father
NA18881	AFR	African	YRI	Yoruba in Ibadan, Nigeria	female	Y022	mother
NA18907	AFR	African	YRI	Yoruba in Ibadan, Nigeria	female	Y025	mother
NA18908	AFR	African	YRI	Yoruba in Ibadan, Nigeria	male	Y025a	not father
NA18909	AFR	African	YRI	Yoruba in Ibadan, Nigeria	female	Y027	mother
NA18910	AFR	African	YRI	Yoruba in Ibadan, Nigeria	male	Y027	father
NA18912	AFR	African	YRI	Yoruba in Ibadan, Nigeria	female	Y028	mother
NA18915	AFR	African	YRI	Yoruba in Ibadan, Nigeria	male	Y029	father
NA18916	AFR	African	YRI	Yoruba in Ibadan, Nigeria	female	Y030	mother
NA18917	AFR	African	YRI	Yoruba in Ibadan, Nigeria	male	Y030	father
NA18923	AFR	African	YRI	Yoruba in Ibadan, Nigeria	male	Y033	father
NA18924	AFR	African	YRI	Yoruba in Ibadan, Nigeria	female	Y033	mother
NA18933	AFR	African	YRI	Yoruba in Ibadan, Nigeria	female	Y036	mother
NA18934	AFR	African	YRI	Yoruba in Ibadan, Nigeria	male	Y036	father
NA18939	EAS	East Asian	JPT	Japanese in Tokyo, Japan	female	NA18939	
NA18940	EAS	East Asian	JPT	Japanese in Tokyo, Japan	male	NA18940	
NA18941	EAS	East Asian	JPT	Japanese in Tokyo, Japan	female	NA18941	
NA18942	EAS	East Asian	JPT	Japanese in Tokyo, Japan	female	NA18942	
NA18943	EAS	East Asian	JPT	Japanese in Tokyo, Japan	male	NA18943	
NA18944	EAS	East Asian	JPT	Japanese in Tokyo, Japan	male	NA18944	
NA18945	EAS	East Asian	JPT	Japanese in Tokyo, Japan	male	NA18945	
NA18946	EAS	East Asian	JPT	Japanese in Tokyo, Japan	female	NA18946	
NA18947	EAS	East Asian	JPT	Japanese in Tokyo, Japan	female	NA18947	
NA18948	EAS	East Asian	JPT	Japanese in Tokyo, Japan	male	NA18948	
NA18949	EAS	East Asian	JPT	Japanese in Tokyo, Japan	female	NA18949	
NA18950	EAS	East Asian	JPT	Japanese in Tokyo, Japan	female	NA18950	
NA18951	EAS	East Asian	JPT	Japanese in Tokyo, Japan	female	NA18951	
NA18952	EAS	East Asian	JPT	Japanese in Tokyo, Japan	male	NA18952	
NA18953	EAS	East Asian	JPT	Japanese in Tokyo, Japan	male	NA18953	
NA18954	EAS	East Asian	JPT	Japanese in Tokyo, Japan	female	NA18954	
NA18956	EAS	East Asian	JPT	Japanese in Tokyo, Japan	female	NA18956	
NA18957	EAS	East Asian	JPT	Japanese in Tokyo, Japan	female	NA18957	
NA18959	EAS	East Asian	JPT	Japanese in Tokyo, Japan	male	NA18959	
NA18960	EAS	East Asian	JPT	Japanese in Tokyo, Japan	male	NA18960	
NA18961	EAS	East Asian	JPT	Japanese in Tokyo, Japan	male	NA18961	
NA18962	EAS	East Asian	JPT	Japanese in Tokyo, Japan	male	NA18962	
NA18963	EAS	East Asian	JPT	Japanese in Tokyo, Japan	female	NA18963	
NA18964	EAS	East Asian	JPT	Japanese in Tokyo, Japan	female	NA18964	
NA18965	EAS	East Asian	JPT	Japanese in Tokyo, Japan	male	NA18965	
NA18966	EAS	East Asian	JPT	Japanese in Tokyo, Japan	male	NA18966	
NA18967	EAS	East Asian	JPT	Japanese in Tokyo, Japan	male	NA18967	
NA18968	EAS	East Asian	JPT	Japanese in Tokyo, Japan	female	NA18968	
NA18969	EAS	East Asian	JPT	Japanese in Tokyo, Japan	female	NA18969	
NA18970	EAS	East Asian	JPT	Japanese in Tokyo, Japan	male	NA18970	
NA18971	EAS	East Asian	JPT	Japanese in Tokyo, Japan	male	NA18971	
NA18972	EAS	East Asian	JPT	Japanese in Tokyo, Japan	female	NA18972	
NA18973	EAS	East Asian	JPT	Japanese in Tokyo, Japan	female	NA18973	
NA18974	EAS	East Asian	JPT	Japanese in Tokyo, Japan	male	NA18974	
NA18975	EAS	East Asian	JPT	Japanese in Tokyo, Japan	female	NA18975	
NA18976	EAS	East Asian	JPT	Japanese in Tokyo, Japan	female	NA18976	
NA18977	EAS	East Asian	JPT	Japanese in Tokyo, Japan	male	NA18977	
NA18978	EAS	East Asian	JPT	Japanese in Tokyo, Japan	female	NA18978	
NA18979	EAS	East Asian	JPT	Japanese in Tokyo, Japan	female	NA18979	
NA18980	EAS	East Asian	JPT	Japanese in Tokyo, Japan	female	NA18980	
NA18981	EAS	East Asian	JPT	Japanese in Tokyo, Japan	female	NA18981	
NA18982	EAS	East Asian	JPT	Japanese in Tokyo, Japan	male	NA18982	
NA18983	EAS	East Asian	JPT	Japanese in Tokyo, Japan	male	NA18983	
NA18984	EAS	East Asian	JPT	Japanese in Tokyo, Japan	male	NA18984	
NA18985	EAS	East Asian	JPT	Japanese in Tokyo, Japan	male	NA18985	
NA18986	EAS	East Asian	JPT	Japanese in Tokyo, Japan	male	NA18986	
NA18987	EAS	East Asian	JPT	Japanese in Tokyo, Japan	female	NA18987	
NA18988	EAS	East Asian	JPT	Japanese in Tokyo, Japan	male	NA18988	
NA18989	EAS	East Asian	JPT	Japanese in Tokyo, Japan	male	NA18989	
NA18990	EAS	East Asian	JPT	Japanese in Tokyo, Japan	male	NA18990	
NA18991	EAS	East Asian	JPT	Japanese in Tokyo, Japan	female	NA18991	
NA18992	EAS	East Asian	JPT	Japanese in Tokyo, Japan	female	NA18992	
NA18993	EAS	East Asian	JPT	Japanese in Tokyo, Japan	female	NA18993	
NA18994	EAS	East Asian	JPT	Japanese in Tokyo, Japan	male	NA18994	
NA18995	EAS	East Asian	JPT	Japanese in Tokyo, Japan	male	NA18995	
NA18997	EAS	East Asian	JPT	Japanese in Tokyo, Japan	female	NA18997	
NA18998	EAS	East Asian	JPT	Japanese in Tokyo, Japan	female	NA18998	
NA18999	EAS	East Asian	JPT	Japanese in Tokyo, Japan	female	NA18999	
NA19000	EAS	East Asian	JPT	Japanese in Tokyo, Japan	male	NA19000	
NA19001	EAS	East Asian	JPT	Japanese in Tokyo, Japan	female	NA19001	
NA19002	EAS	East Asian	JPT	Japanese in Tokyo, Japan	female	NA19002	
NA19003	EAS	East Asian	JPT	Japanese in Tokyo, Japan	female	NA19003	
NA19004	EAS	East Asian	JPT	Japanese in Tokyo, Japan	male	NA19004	
NA19005	EAS	East Asian	JPT	Japanese in Tokyo, Japan	male	NA19005	
NA19006	EAS	East Asian	JPT	Japanese in Tokyo, Japan	male	NA19006	unrel
NA19007	EAS	East Asian	JPT	Japanese in Tokyo, Japan	male	NA19007	
NA19009	EAS	East Asian	JPT	Japanese in Tokyo, Japan	male	NA19009	
NA19010	EAS	East Asian	JPT	Japanese in Tokyo, Japan	female	NA19010	
NA19011	EAS	East Asian	JPT	Japanese in Tokyo, Japan	female	NA19011	unrel
NA19012	EAS	East Asian	JPT	Japanese in Tokyo, Japan	male	NA19012	
NA19017	AFR	African	LWK	Luhya in Webuye, Kenya	female	NA19017	unrel
NA19019	AFR	African	LWK	Luhya in Webuye, Kenya	female	NA19019	unrel
NA19020	AFR	African	LWK	Luhya in Webuye, Kenya	male	NA19020	
NA19023	AFR	African	LWK	Luhya in Webuye, Kenya	female	NA19023	unrel
NA19024	AFR	African	LWK	Luhya in Webuye, Kenya	female	NA19024	unrel
NA19025	AFR	African	LWK	Luhya in Webuye, Kenya	male	NA19025	unrel
NA19026	AFR	African	LWK	Luhya in Webuye, Kenya	male	NA19026	unrel
NA19027	AFR	African	LWK	Luhya in Webuye, Kenya	male	NA19027	
NA19028	AFR	African	LWK	Luhya in Webuye, Kenya	male	NA19028	
NA19030	AFR	African	LWK	Luhya in Webuye, Kenya	female	NA19030	unrel
NA19031	AFR	African	LWK	Luhya in Webuye, Kenya	male	NA19031	
NA19035	AFR	African	LWK	Luhya in Webuye, Kenya	male	NA19035	
NA19036	AFR	African	LWK	Luhya in Webuye, Kenya	female	NA19036	
NA19037	AFR	African	LWK	Luhya in Webuye, Kenya	female	NA19037	unrel
NA19038	AFR	African	LWK	Luhya in Webuye, Kenya	female	NA19038	
NA19041	AFR	African	LWK	Luhya in Webuye, Kenya	male	NA19041	
NA19042	AFR	African	LWK	Luhya in Webuye, Kenya	female	NA19042	unrel
NA19043	AFR	African	LWK	Luhya in Webuye, Kenya	male	NA19043	unrel
NA19054	EAS	East Asian	JPT	Japanese in Tokyo, Japan	female	NA19054	
NA19055	EAS	East Asian	JPT	Japanese in Tokyo, Japan	male	NA19055	
NA19056	EAS	East Asian	JPT	Japanese in Tokyo, Japan	male	NA19056	
NA19057	EAS	East Asian	JPT	Japanese in Tokyo, Japan	female	NA19057	
NA19058	EAS	East Asian	JPT	Japanese in Tokyo, Japan	male	NA19058	
NA19059	EAS	East Asian	JPT	Japanese in Tokyo, Japan	female	NA19059	
NA19060	EAS	East Asian	JPT	Japanese in Tokyo, Japan	male	NA19060	
NA19062	EAS	East Asian	JPT	Japanese in Tokyo, Japan	male	NA19062	
NA19063	EAS	East Asian	JPT	Japanese in Tokyo, Japan	male	NA19063	
NA19064	EAS	East Asian	JPT	Japanese in Tokyo, Japan	female	NA19064	
NA19065	EAS	East Asian	JPT	Japanese in Tokyo, Japan	female	NA19065	
NA19066	EAS	East Asian	JPT	Japanese in Tokyo, Japan	male	NA19066	
NA19067	EAS	East Asian	JPT	Japanese in Tokyo, Japan	male	NA19067	
NA19068	EAS	East Asian	JPT	Japanese in Tokyo, Japan	male	NA19068	
NA19070	EAS	East Asian	JPT	Japanese in Tokyo, Japan	male	NA19070	
NA19072	EAS	East Asian	JPT	Japanese in Tokyo, Japan	male	NA19072	
NA19074	EAS	East Asian	JPT	Japanese in Tokyo, Japan	female	NA19074	
NA19075	EAS	East Asian	JPT	Japanese in Tokyo, Japan	male	NA19075	
NA19076	EAS	East Asian	JPT	Japanese in Tokyo, Japan	male	NA19076	
NA19077	EAS	East Asian	JPT	Japanese in Tokyo, Japan	female	NA19077	
NA19078	EAS	East Asian	JPT	Japanese in Tokyo, Japan	female	NA19078	
NA19079	EAS	East Asian	JPT	Japanese in Tokyo, Japan	male	NA19079	
NA19080	EAS	East Asian	JPT	Japanese in Tokyo, Japan	female	NA19080	
NA19081	EAS	East Asian	JPT	Japanese in Tokyo, Japan	female	NA19081	
NA19082	EAS	East Asian	JPT	Japanese in Tokyo, Japan	male	NA19082	
NA19083	EAS	East Asian	JPT	Japanese in Tokyo, Japan	male	NA19083	
NA19084	EAS	East Asian	JPT	Japanese in Tokyo, Japan	female	NA19084	
NA19085	EAS	East Asian	JPT	Japanese in Tokyo, Japan	male	NA19085	
NA19086	EAS	East Asian	JPT	Japanese in Tokyo, Japan	male	NA19086	
NA19087	EAS	East Asian	JPT	Japanese in Tokyo, Japan	female	NA19087	
NA19088	EAS	East Asian	JPT	Japanese in Tokyo, Japan	male	NA19088	
NA19089	EAS	East Asian	JPT	Japanese in Tokyo, Japan	male	NA19089	unrel
NA19090	EAS	East Asian	JPT	Japanese in Tokyo, Japan	female	NA19090	unrel
NA19091	EAS	East Asian	JPT	Japanese in Tokyo, Japan	male	NA19091	unrel
NA19092	AFR	African	YRI	Yoruba in Ibadan, Nigeria	male	Y040	father
NA19093	AFR	African	YRI	Yoruba in Ibadan, Nigeria	female	Y040	mother
NA19095	AFR	African	YRI	Yoruba in Ibadan, Nigeria	female	Y041	mother
NA19096	AFR	African	YRI	Yoruba in Ibadan, Nigeria	male	Y041	father
NA19098	AFR	African	YRI	Yoruba in Ibadan, Nigeria	male	Y105	father
NA19099	AFR	African	YRI	Yoruba in Ibadan, Nigeria	female	Y105	mother
NA19102	AFR	African	YRI	Yoruba in Ibadan, Nigeria	female	Y042	mother
NA19107	AFR	African	YRI	Yoruba in Ibadan, Nigeria	male	Y006	father
NA19108	AFR	African	YRI	Yoruba in Ibadan, Nigeria	female	Y006	mother
NA19113	AFR	African	YRI	Yoruba in Ibadan, Nigeria	male	Y079	father
NA19114	AFR	African	YRI	Yoruba in Ibadan, Nigeria	female	Y079	mother
NA19116	AFR	African	YRI	Yoruba in Ibadan, Nigeria	female	Y060	mother
NA19117	AFR	African	YRI	Yoruba in Ibadan, Nigeria	male	Y100	father
NA19118	AFR	African	YRI	Yoruba in Ibadan, Nigeria	female	Y100	mother
NA19119	AFR	African	YRI	Yoruba in Ibadan, Nigeria	male	Y060	father
NA19121	AFR	African	YRI	Yoruba in Ibadan, Nigeria	male	Y061	father
NA19129	AFR	African	YRI	Yoruba in Ibadan, Nigeria	female	Y077	child
NA19130	AFR	African	YRI	Yoruba in Ibadan, Nigeria	male	Y101	father
NA19131	AFR	African	YRI	Yoruba in Ibadan, Nigeria	female	Y101	mother
NA19137	AFR	African	YRI	Yoruba in Ibadan, Nigeria	female	Y043	mother
NA19138	AFR	African	YRI	Yoruba in Ibadan, Nigeria	male	Y043	father
NA19141	AFR	African	YRI	Yoruba in Ibadan, Nigeria	male	Y071	father
NA19143	AFR	African	YRI	Yoruba in Ibadan, Nigeria	female	Y074	mother
NA19144	AFR	African	YRI	Yoruba in Ibadan, Nigeria	male	Y074	father
NA19146	AFR	African	YRI	Yoruba in Ibadan, Nigeria	male	Y075	father
NA19147	AFR	African	YRI	Yoruba in Ibadan, Nigeria	female	Y075	mother
NA19149	AFR	African	YRI	Yoruba in Ibadan, Nigeria	female	Y073	mother
NA19152	AFR	African	YRI	Yoruba in Ibadan, Nigeria	female	Y072	mother
NA19153	AFR	African	YRI	Yoruba in Ibadan, Nigeria	male	Y072	father
NA19159	AFR	African	YRI	Yoruba in Ibadan, Nigeria	female	Y056	mother
NA19160	AFR	African	YRI	Yoruba in Ibadan, Nigeria	male	Y056	father
NA19171	AFR	African	YRI	Yoruba in Ibadan, Nigeria	male	Y047	father
NA19172	AFR	African	YRI	Yoruba in Ibadan, Nigeria	female	Y047	mother
NA19175	AFR	African	YRI	Yoruba in Ibadan, Nigeria	male	Y044	father
NA19184	AFR	African	YRI	Yoruba in Ibadan, Nigeria	male	Y039	father
NA19185	AFR	African	YRI	Yoruba in Ibadan, Nigeria	female	Y039	mother
NA19189	AFR	African	YRI	Yoruba in Ibadan, Nigeria	male	Y111	father
NA19190	AFR	African	YRI	Yoruba in Ibadan, Nigeria	female	Y111	mother
NA19197	AFR	African	YRI	Yoruba in Ibadan, Nigeria	female	Y035	mother
NA19198	AFR	African	YRI	Yoruba in Ibadan, Nigeria	male	Y035	father
NA19200	AFR	African	YRI	Yoruba in Ibadan, Nigeria	male	Y045	father
NA19201	AFR	African	YRI	Yoruba in Ibadan, Nigeria	female	Y045	mother
NA19204	AFR	African	YRI	Yoruba in Ibadan, Nigeria	female	Y048	mother
NA19206	AFR	African	YRI	Yoruba in Ibadan, Nigeria	female	Y051	mother
NA19207	AFR	African	YRI	Yoruba in Ibadan, Nigeria	male	Y051	father
NA19209	AFR	African	YRI	Yoruba in Ibadan, Nigeria	female	Y050	mother
NA19210	AFR	African	YRI	Yoruba in Ibadan, Nigeria	male	Y050	father
NA19213	AFR	African	YRI	Yoruba in Ibadan, Nigeria	male	Y110	father
NA19214	AFR	African	YRI	Yoruba in Ibadan, Nigeria	female	Y110	mother
NA19222	AFR	African	YRI	Yoruba in Ibadan, Nigeria	female	Y058	mother
NA19223	AFR	African	YRI	Yoruba in Ibadan, Nigeria	male	Y058	father
NA19225	AFR	African	YRI	Yoruba in Ibadan, Nigeria	female	Y057	mother
NA19235	AFR	African	YRI	Yoruba in Ibadan, Nigeria	female	Y116	mother
NA19236	AFR	African	YRI	Yoruba in Ibadan, Nigeria	male	Y116	father
NA19238	AFR	African	YRI	Yoruba in Ibadan, Nigeria	female	Y117	mother
NA19239	AFR	African	YRI	Yoruba in Ibadan, Nigeria	male	Y117	father
NA19247	AFR	African	YRI	Yoruba in Ibadan, Nigeria	female	Y120	mother
NA19248	AFR	African	YRI	Yoruba in Ibadan, Nigeria	male	Y120	father
NA19256	AFR	African	YRI	Yoruba in Ibadan, Nigeria	male	Y092	father
NA19257	AFR	African	YRI	Yoruba in Ibadan, Nigeria	female	Y092	mother
NA19307	AFR	African	LWK	Luhya in Webuye, Kenya	male	NA19307	
NA19308	AFR	African	LWK	Luhya in Webuye, Kenya	male	NA19308	
NA19309	AFR	African	LWK	Luhya in Webuye, Kenya	male	NA19309	
NA19310	AFR	African	LWK	Luhya in Webuye, Kenya	female	NA19310	
NA19312	AFR	African	LWK	Luhya in Webuye, Kenya	male	NA19312	
NA19314	AFR	African	LWK	Luhya in Webuye, Kenya	female	NA19314	
NA19315	AFR	African	LWK	Luhya in Webuye, Kenya	female	NA19315	
NA19316	AFR	African	LWK	Luhya in Webuye, Kenya	female	NA19316	
NA19317	AFR	African	LWK	Luhya in Webuye, Kenya	male	NA19317	
NA19318	AFR	African	LWK	Luhya in Webuye, Kenya	male	NA19318	
NA19319	AFR	African	LWK	Luhya in Webuye, Kenya	male	NA19319	
NA19320	AFR	African	LWK	Luhya in Webuye, Kenya	female	NA19320	unrel
NA19321	AFR	African	LWK	Luhya in Webuye, Kenya	female	NA19321	
NA19323	AFR	African	LWK	Luhya in Webuye, Kenya	female	NA19323	unrel
NA19324	AFR	African	LWK	Luhya in Webuye, Kenya	female	NA19324	
NA19327	AFR	African	LWK	Luhya in Webuye, Kenya	female	NA19327	
NA19328	AFR	African	LWK	Luhya in Webuye, Kenya	female	NA19328	
NA19331	AFR	African	LWK	Luhya in Webuye, Kenya	male	LWK001	
NA19332	AFR	African	LWK	Luhya in Webuye, Kenya	female	NA19332	
NA19334	AFR	African	LWK	Luhya in Webuye, Kenya	male	NA19334	
NA19338	AFR	African	LWK	Luhya in Webuye, Kenya	female	NA19338	
NA19346	AFR	African	LWK	Luhya in Webuye, Kenya	male	NA19346	
NA19347	AFR	African	LWK	Luhya in Webuye, Kenya	male	NA19347	
NA19350	AFR	African	LWK	Luhya in Webuye, Kenya	male	NA19350	
NA19351	AFR	African	LWK	Luhya in Webuye, Kenya	female	NA19351	
NA19355	AFR	African	LWK	Luhya in Webuye, Kenya	female	NA19355	
NA19360	AFR	African	LWK	Luhya in Webuye, Kenya	male	NA19360	
NA19372	AFR	African	LWK	Luhya in Webuye, Kenya	male	NA19372	
NA19374	AFR	African	LWK	Luhya in Webuye, Kenya	male	NA19374	
NA19375	AFR	African	LWK	Luhya in Webuye, Kenya	male	NA19375	
NA19376	AFR	African	LWK	Luhya in Webuye, Kenya	male	NA19376	
NA19377	AFR	African	LWK	Luhya in Webuye, Kenya	female	NA19377	
NA19378	AFR	African	LWK	Luhya in Webuye, Kenya	female	NA19378	unrel
NA19379	AFR	African	LWK	Luhya in Webuye, Kenya	female	NA19379	
NA19380	AFR	African	LWK	Luhya in Webuye, Kenya	male	NA19380	
NA19383	AFR	African	LWK	Luhya in Webuye, Kenya	male	NA19383	
NA19384	AFR	African	LWK	Luhya in Webuye, Kenya	male	NA19384	
NA19385	AFR	African	LWK	Luhya in Webuye, Kenya	male	NA19385	
NA19390	AFR	African	LWK	Luhya in Webuye, Kenya	female	NA19390	
NA19391	AFR	African	LWK	Luhya in Webuye, Kenya	female	NA19391	
NA19393	AFR	African	LWK	Luhya in Webuye, Kenya	male	NA19393	
NA19394	AFR	African	LWK	Luhya in Webuye, Kenya	male	NA19394	
NA19395	AFR	African	LWK	Luhya in Webuye, Kenya	female	NA19395	
NA19397	AFR	African	LWK	Luhya in Webuye, Kenya	male	NA19397	
NA19399	AFR	African	LWK	Luhya in Webuye, Kenya	female	NA19399	
NA19401	AFR	African	LWK	Luhya in Webuye, Kenya	female	NA19401	
NA19403	AFR	African	LWK	Luhya in Webuye, Kenya	female	NA19403	
NA19404	AFR	African	LWK	Luhya in Webuye, Kenya	female	NA19404	
NA19428	AFR	African	LWK	Luhya in Webuye, Kenya	male	NA19428	
NA19429	AFR	African	LWK	Luhya in Webuye, Kenya	male	NA19429	
NA19430	AFR	African	LWK	Luhya in Webuye, Kenya	male	NA19430	
NA19431	AFR	African	LWK	Luhya in Webuye, Kenya	female	NA19431	
NA19434	AFR	African	LWK	Luhya in Webuye, Kenya	female	LWK003	
NA19435	AFR	African	LWK	Luhya in Webuye, Kenya	female	NA19435	
NA19436	AFR	African	LWK	Luhya in Webuye, Kenya	female	NA19436	
NA19437	AFR	African	LWK	Luhya in Webuye, Kenya	female	NA19437	
NA19438	AFR	African	LWK	Luhya in Webuye, Kenya	female	NA19438	
NA19439	AFR	African	LWK	Luhya in Webuye, Kenya	female	NA19439	
NA19440	AFR	African	LWK	Luhya in Webuye, Kenya	female	NA19440	
NA19443	AFR	African	LWK	Luhya in Webuye, Kenya	male	NA19443	
NA19445	AFR	African	LWK	Luhya in Webuye, Kenya	female	LWK004	
NA19446	AFR	African	LWK	Luhya in Webuye, Kenya	female	NA19446	
NA19448	AFR	African	LWK	Luhya in Webuye, Kenya	male	NA19448	
NA19449	AFR	African	LWK	Luhya in Webuye, Kenya	female	NA19449	
NA19451	AFR	African	LWK	Luhya in Webuye, Kenya	male	NA19451	
NA19452	AFR	African	LWK	Luhya in Webuye, Kenya	male	NA19452	
NA19454	AFR	African	LWK	Luhya in Webuye, Kenya	male	NA19454	unrel
NA19455	AFR	African	LWK	Luhya in Webuye, Kenya	male	NA19455	
NA19456	AFR	African	LWK	Luhya in Webuye, Kenya	female	NA19456	
NA19457	AFR	African	LWK	Luhya in Webuye, Kenya	female	NA19457	
NA19461	AFR	African	LWK	Luhya in Webuye, Kenya	male	NA19461	
NA19462	AFR	African	LWK	Luhya in Webuye, Kenya	female	NA19462	
NA19463	AFR	African	LWK	Luhya in Webuye, Kenya	female	NA19463	
NA19466	AFR	African	LWK	Luhya in Webuye, Kenya	male	NA19466	
NA19467	AFR	African	LWK	Luhya in Webuye, Kenya	female	NA19467	
NA19468	AFR	African	LWK	Luhya in Webuye, Kenya	female	NA19468	
NA19471	AFR	African	LWK	Luhya in Webuye, Kenya	female	NA19471	
NA19472	AFR	African	LWK	Luhya in Webuye, Kenya	female	NA19472	
NA19473	AFR	African	LWK	Luhya in Webuye, Kenya	female	NA19473	
NA19474	AFR	African	LWK	Luhya in Webuye, Kenya	female	NA19474	
NA19475	AFR	African	LWK	Luhya in Webuye, Kenya	female	NA19475	unrel
NA19625	AFR	African	ASW	African Ancestry in Southwest US	female	2357	child
NA19648	AMR	Admixed American	MXL	Mexican Ancestry in Los Angeles, California	female	m001	mother
NA19649	AMR	Admixed American	MXL	Mexican Ancestry in Los Angeles, California	male	m001	father
NA19651	AMR	Admixed American	MXL	Mexican Ancestry in Los Angeles, California	female	m005	mother
NA19652	AMR	Admixed American	MXL	Mexican Ancestry in Los Angeles, California	male	m005	father
NA19654	AMR	Admixed American	MXL	Mexican Ancestry in Los Angeles, California	female	m006	mother
NA19655	AMR	Admixed American	MXL	Mexican Ancestry in Los Angeles, California	male	m006	father
NA19657	AMR	Admixed American	MXL	Mexican Ancestry in Los Angeles, California	female	m007	mother
NA19658	AMR	Admixed American	MXL	Mexican Ancestry in Los Angeles, California	male	m007	father
NA19661	AMR	Admixed American	MXL	Mexican Ancestry in Los Angeles, California	male	m008	father
NA19663	AMR	Admixed American	MXL	Mexican Ancestry in Los Angeles, California	female	m012	mother
NA19664	AMR	Admixed American	MXL	Mexican Ancestry in Los Angeles, California	male	m012	father
NA19669	AMR	Admixed American	MXL	Mexican Ancestry in Los Angeles, California	female	m002	mother
NA19670	AMR	Admixed American	MXL	Mexican Ancestry in Los Angeles, California	male	m002	father
NA19676	AMR	Admixed American	MXL	Mexican Ancestry in Los Angeles, California	male	m004	father
NA19678	AMR	Admixed American	MXL	Mexican Ancestry in Los Angeles, California	female	m009	mother
NA19679	AMR	Admixed American	MXL	Mexican Ancestry in Los Angeles, California	male	m009	father
NA19681	AMR	Admixed American	MXL	Mexican Ancestry in Los Angeles, California	female	m010	mother
NA19682	AMR	Admixed American	MXL	Mexican Ancestry in Los Angeles, California	male	m010	father
NA19684	AMR	Admixed American	MXL	Mexican Ancestry in Los Angeles, California	female	m011	mother
NA19700	AFR	African	ASW	African Ancestry in Southwest US	male	2367	father
NA19701	AFR	African	ASW	African Ancestry in Southwest US	female	2367	mother
NA19703	AFR	African	ASW	African Ancestry in Southwest US	male	2368	father
NA19704	AFR	African	ASW	African Ancestry in Southwest US	female	2368	mother
NA19707	AFR	African	ASW	African Ancestry in Southwest US	female	2369	mother
NA19711	AFR	African	ASW	African Ancestry in Southwest US	male	2371	father
NA19712	AFR	African	ASW	African Ancestry in Southwest US	female	2371	mother
NA19713	AFR	African	ASW	African Ancestry in Southwest US	female	2436	mother
NA19716	AMR	Admixed American	MXL	Mexican Ancestry in Los Angeles, California	female	m014	mother
NA19717	AMR	Admixed American	MXL	Mexican Ancestry in Los Angeles, California	male	m014	father
NA19719	AMR	Admixed American	MXL	Mexican Ancestry in Los Angeles, California	female	m015	mother
NA19720	AMR	Admixed American	MXL	Mexican Ancestry in Los Angeles, California	male	m015	father
NA19722	AMR	Admixed American	MXL	Mexican Ancestry in Los Angeles, California	female	m016	mother
NA19723	AMR	Admixed American	MXL	Mexican Ancestry in Los Angeles, California	male	m016	father
NA19725	AMR	Admixed American	MXL	Mexican Ancestry in Los Angeles, California	female	m017	mother
NA19726	AMR	Admixed American	MXL	Mexican Ancestry in Los Angeles, California	male	m017	father
NA19728	AMR	Admixed American	MXL	Mexican Ancestry in Los Angeles, California	female	m018	mother
NA19729	AMR	Admixed American	MXL	Mexican Ancestry in Los Angeles, California	male	m018	father
NA19731	AMR	Admixed American	MXL	Mexican Ancestry in Los Angeles, California	female	m019	mother
NA19732	AMR	Admixed American	MXL	Mexican Ancestry in Los Angeles, California	male	m019	father
NA19734	AMR	Admixed American	MXL	Mexican Ancestry in Los Angeles, California	female	2393	mother
NA19735	AMR	Admixed American	MXL	Mexican Ancestry in Los Angeles, California	male	2393	father
NA19740	AMR	Admixed American	MXL	Mexican Ancestry in Los Angeles, California	female	2395	mother
NA19741	AMR	Admixed American	MXL	Mexican Ancestry in Los Angeles, California	male	2395	father
NA19746	AMR	Admixed American	MXL	Mexican Ancestry in Los Angeles, California	female	m023	mother
NA19747	AMR	Admixed American	MXL	Mexican Ancestry in Los Angeles, California	male	m023	father
NA19749	AMR	Admixed American	MXL	Mexican Ancestry in Los Angeles, California	female	m024	mother
NA19750	AMR	Admixed American	MXL	Mexican Ancestry in Los Angeles, California	male	m024	father
NA19752	AMR	Admixed American	MXL	Mexican Ancestry in Los Angeles, California	female	2401	mother
NA19755	AMR	Admixed American	MXL	Mexican Ancestry in Los Angeles, California	female	m026	mother
NA19756	AMR	Admixed American	MXL	Mexican Ancestry in Los Angeles, California	male	m026	father
NA19758	AMR	Admixed American	MXL	Mexican Ancestry in Los Angeles, California	female	m027	mother
NA19759	AMR	Admixed American	MXL	Mexican Ancestry in Los Angeles, California	male	m027	father
NA19761	AMR	Admixed American	MXL	Mexican Ancestry in Los Angeles, California	female	m028	mother
NA19762	AMR	Admixed American	MXL	Mexican Ancestry in Los Angeles, California	male	m028	father
NA19764	AMR	Admixed American	MXL	Mexican Ancestry in Los Angeles, California	female	2405	mother
NA19770	AMR	Admixed American	MXL	Mexican Ancestry in Los Angeles, California	female	m031	mother
NA19771	AMR	Admixed American	MXL	Mexican Ancestry in Los Angeles, California	male	m031	father
NA19773	AMR	Admixed American	MXL	Mexican Ancestry in Los Angeles, California	female	m033	mother
NA19774	AMR	Admixed American	MXL	Mexican Ancestry in Los Angeles, California	male	m033	father
NA19776	AMR	Admixed American	MXL	Mexican Ancestry in Los Angeles, California	female	m034	mother
NA19777	AMR	Admixed American	MXL	Mexican Ancestry in Los Angeles, California	male	m034	father
NA19779	AMR	Admixed American	MXL	Mexican Ancestry in Los Angeles, California	female	m035	mother
NA19780	AMR	Admixed American	MXL	Mexican Ancestry in Los Angeles, California	male	m035	father
NA19782	AMR	Admixed American	MXL	Mexican Ancestry in Los Angeles, California	female	m036	mother
NA19783	AMR	Admixed American	MXL	Mexican Ancestry in Los Angeles, California	male	m036	father
NA19785	AMR	Admixed American	MXL	Mexican Ancestry in Los Angeles, California	female	m032	mother
NA19786	AMR	Admixed American	MXL	Mexican Ancestry in Los Angeles, California	male	m032	father
NA19788	AMR	Admixed American	MXL	Mexican Ancestry in Los Angeles, California	female	m037	mother
NA19789	AMR	Admixed American	MXL	Mexican Ancestry in Los Angeles, California	male	m037	father
NA19792	AMR	Admixed American	MXL	Mexican Ancestry in Los Angeles, California	male	2414	father
NA19794	AMR	Admixed American	MXL	Mexican Ancestry in Los Angeles, California	female	m039	mother
NA19795	AMR	Admixed American	MXL	Mexican Ancestry in Los Angeles, California	male	m039	father
NA19818	AFR	African	ASW	African Ancestry in Southwest US	male	2418	father
NA19819	AFR	African	ASW	African Ancestry in Southwest US	female	2418	mother
NA19834	AFR	African	ASW	African Ancestry in Southwest US	male	2424	father
NA19835	AFR	African	ASW	African Ancestry in Southwest US	female	2424	mother
NA19900	AFR	African	ASW	African Ancestry in Southwest US	male	2425	father
NA19901	AFR	African	ASW	African Ancestry in Southwest US	female	2425	mother
NA19904	AFR	African	ASW	African Ancestry in Southwest US	male	2426	father
NA19908	AFR	African	ASW	African Ancestry in Southwest US	male	2427	father
NA19909	AFR	African	ASW	African Ancestry in Southwest US	female	2427	mother
NA19913	AFR	African	ASW	African Ancestry in Southwest US	female	2426a	
NA19914	AFR	African	ASW	African Ancestry in Southwest US	female	2430	mother
NA19916	AFR	African	ASW	African Ancestry in Southwest US	male	2431	father
NA19917	AFR	African	ASW	African Ancestry in Southwest US	female	2431	mother
NA19920	AFR	African	ASW	African Ancestry in Southwest US	male	2433	father
NA19921	AFR	African	ASW	African Ancestry in Southwest US	female	2433	mother
NA19922	AFR	African	ASW	African Ancestry in Southwest US	male	2434	father
NA19923	AFR	African	ASW	African Ancestry in Southwest US	female	2434	mother
NA19982	AFR	African	ASW	African Ancestry in Southwest US	male	2436	father
NA19984	AFR	African	ASW	African Ancestry in Southwest US	male	2437a	father
NA20126	AFR	African	ASW	African Ancestry in Southwest US	male	2446	father
NA20127	AFR	African	ASW	African Ancestry in Southwest US	female	2446	mother
NA20274	AFR	African	ASW	African Ancestry in Southwest US	female	2357a	
NA20276	AFR	African	ASW	African Ancestry in Southwest US	female	2466	mother
NA20278	AFR	African	ASW	African Ancestry in Southwest US	male	2467	father
NA20281	AFR	African	ASW	African Ancestry in Southwest US	male	2469a	not father
NA20282	AFR	African	ASW	African Ancestry in Southwest US	female	2469	mother
NA20287	AFR	African	ASW	African Ancestry in Southwest US	female	2470	mother
NA20289	AFR	African	ASW	African Ancestry in Southwest US	female	2471	mother
NA20291	AFR	African	ASW	African Ancestry in Southwest US	male	2472	father
NA20294	AFR	African	ASW	African Ancestry in Southwest US	female	2474	mother
NA20296	AFR	African	ASW	African Ancestry in Southwest US	female	2475	mother
NA20298	AFR	African	ASW	African Ancestry in Southwest US	male	2476a	father
NA20299	AFR	African	ASW	African Ancestry in Southwest US	female	2476	mother
NA20314	AFR	African	ASW	African Ancestry in Southwest US	female	2479	mother
NA20317	AFR	African	ASW	African Ancestry in Southwest US	female	2480	mother
NA20318	AFR	African	ASW	African Ancestry in Southwest US	male	2480a	
NA20320	AFR	African	ASW	African Ancestry in Southwest US	female	2481a	
NA20321	AFR	African	ASW	African Ancestry in Southwest US	female	2481	
NA20332	AFR	African	ASW	African Ancestry in Southwest US	female	2483	mother
NA20334	AFR	African	ASW	African Ancestry in Southwest US	female	2484	mother
NA20339	AFR	African	ASW	African Ancestry in Southwest US	female	2486	mother
NA20340	AFR	African	ASW	African Ancestry in Southwest US	male	2487	father
NA20342	AFR	African	ASW	African Ancestry in Southwest US	male	2488	father
NA20346	AFR	African	ASW	African Ancestry in Southwest US	male	2490	father
NA20348	AFR	African	ASW	African Ancestry in Southwest US	male	2491	father
NA20351	AFR	African	ASW	African Ancestry in Southwest US	male	2493	father
NA20355	AFR	African	ASW	African Ancestry in Southwest US	female	2484a	
NA20356	AFR	African	ASW	African Ancestry in Southwest US	male	2494	father
NA20357	AFR	African	ASW	African Ancestry in Southwest US	female	2494	mother
NA20359	AFR	African	ASW	African Ancestry in Southwest US	female	2495	mother
NA20362	AFR	African	ASW	African Ancestry in Southwest US	male	2495a	
NA20412	AFR	African	ASW	African Ancestry in Southwest US	female	2505	mother
NA20502	EUR	European	TSI	Toscani in Italy	female	NA20502	
NA20503	EUR	European	TSI	Toscani in Italy	female	NA20503	
NA20504	EUR	European	TSI	Toscani in Italy	female	NA20504	
NA20505	EUR	European	TSI	Toscani in Italy	female	NA20505	
NA20506	EUR	European	TSI	Toscani in Italy	female	NA20506	
NA20507	EUR	European	TSI	Toscani in Italy	female	NA20507	
NA20508	EUR	European	TSI	Toscani in Italy	female	NA20508	
NA20509	EUR	European	TSI	Toscani in Italy	male	NA20509	
NA20510	EUR	European	TSI	Toscani in Italy	male	NA20510	
NA20511	EUR	European	TSI	Toscani in Italy	male	NA20511	unrel
NA20512	EUR	European	TSI	Toscani in Italy	male	NA20512	
NA20513	EUR	European	TSI	Toscani in Italy	male	NA20513	
NA20514	EUR	European	TSI	Toscani in Italy	female	NA20514	
NA20515	EUR	European	TSI	Toscani in Italy	male	NA20515	
NA20516	EUR	European	TSI	Toscani in Italy	male	NA20516	
NA20517	EUR	European	TSI	Toscani in Italy	female	NA20517	
NA20518	EUR	European	TSI	Toscani in Italy	male	NA20518	
NA20519	EUR	European	TSI	Toscani in Italy	male	NA20519	
NA20520	EUR	European	TSI	Toscani in Italy	male	NA20520	
NA20521	EUR	European	TSI	Toscani in Italy	male	NA20521	
NA20522	EUR	European	TSI	Toscani in Italy	female	NA20522	
NA20524	EUR	European	TSI	Toscani in Italy	male	NA20524	
NA20525	EUR	European	TSI	Toscani in Italy	male	NA20525	
NA20527	EUR	European	TSI	Toscani in Italy	male	NA20527	
NA20528	EUR	European	TSI	Toscani in Italy	male	NA20528	
NA20529	EUR	European	TSI	Toscani in Italy	female	NA20529	
NA20530	EUR	European	TSI	Toscani in Italy	female	NA20530	
NA20531	EUR	European	TSI	Toscani in Italy	female	NA20531	
NA20532	EUR	European	TSI	Toscani in Italy	male	NA20532	
NA20533	EUR	European	TSI	Toscani in Italy	female	NA20533	
NA20534	EUR	European	TSI	Toscani in Italy	male	NA20534	
NA20535	EUR	European	TSI	Toscani in Italy	female	NA20535	
NA20536	EUR	European	TSI	Toscani in Italy	male	NA20536	
NA20538	EUR	European	TSI	Toscani in Italy	male	NA20538	
NA20539	EUR	European	TSI	Toscani in Italy	male	NA20539	
NA20540	EUR	European	TSI	Toscani in Italy	female	NA20540	
NA20541	EUR	European	TSI	Toscani in Italy	female	NA20541	
NA20542	EUR	European	TSI	Toscani in Italy	female	NA20542	
NA20543	EUR	European	TSI	Toscani in Italy	male	NA20543	
NA20544	EUR	European	TSI	Toscani in Italy	male	NA20544	
NA20581	EUR	European	TSI	Toscani in Italy	male	NA20581	
NA20582	EUR	European	TSI	Toscani in Italy	female	NA20582	
NA20585	EUR	European	TSI	Toscani in Italy	female	NA20585	
NA20586	EUR	European	TSI	Toscani in Italy	male	NA20586	
NA20587	EUR	European	TSI	Toscani in Italy	female	NA20587	unrel
NA20588	EUR	European	TSI	Toscani in Italy	male	NA20588	
NA20589	EUR	European	TSI	Toscani in Italy	female	NA20589	
NA20752	EUR	European	TSI	Toscani in Italy	male	NA20752	
NA20753	EUR	European	TSI	Toscani in Italy	female	NA20753	
NA20754	EUR	European	TSI	Toscani in Italy	male	NA20754	
NA20755	EUR	European	TSI	Toscani in Italy	male	NA20755	
NA20756	EUR	European	TSI	Toscani in Italy	female	NA20756	
NA20757	EUR	European	TSI	Toscani in Italy	female	NA20757	
NA20758	EUR	European	TSI	Toscani in Italy	male	NA20758	
NA20759	EUR	European	TSI	Toscani in Italy	male	NA20759	
NA20760	EUR	European	TSI	Toscani in Italy	female	NA20760	
NA20761	EUR	European	TSI	Toscani in Italy	female	NA20761	
NA20762	EUR	European	TSI	Toscani in Italy	male	NA20762	unrel
NA20763	EUR	European	TSI	Toscani in Italy	male	NA20763	unrel
NA20764	EUR	European	TSI	Toscani in Italy	female	NA20764	unrel
NA20765	EUR	European	TSI	Toscani in Italy	male	NA20765	
NA20766	EUR	European	TSI	Toscani in Italy	female	NA20766	
NA20767	EUR	European	TSI	Toscani in Italy	male	NA20767	unrel
NA20768	EUR	European	TSI	Toscani in Italy	female	NA20768	
NA20769	EUR	European	TSI	Toscani in Italy	female	NA20769	
NA20770	EUR	European	TSI	Toscani in Italy	male	NA20770	
NA20771	EUR	European	TSI	Toscani in Italy	female	NA20771	
NA20772	EUR	European	TSI	Toscani in Italy	female	NA20772	
NA20773	EUR	European	TSI	Toscani in Italy	female	NA20773	
NA20774	EUR	European	TSI	Toscani in Italy	female	NA20774	
NA20775	EUR	European	TSI	Toscani in Italy	female	NA20775	
NA20778	EUR	European	TSI	Toscani in Italy	male	NA20778	
NA20783	EUR	European	TSI	Toscani in Italy	male	NA20783	
NA20785	EUR	European	TSI	Toscani in Italy	male	NA20785	
NA20786	EUR	European	TSI	Toscani in Italy	female	NA20786	
NA20787	EUR	European	TSI	Toscani in Italy	male	NA20787	
NA20790	EUR	European	TSI	Toscani in Italy	female	NA20790	
NA20792	EUR	European	TSI	Toscani in Italy	male	NA20792	
NA20795	EUR	European	TSI	Toscani in Italy	female	NA20795	
NA20796	EUR	European	TSI	Toscani in Italy	male	NA20796	
NA20797	EUR	European	TSI	Toscani in Italy	female	NA20797	
NA20798	EUR	European	TSI	Toscani in Italy	male	NA20798	
NA20799	EUR	European	TSI	Toscani in Italy	female	NA20799	
NA20800	EUR	European	TSI	Toscani in Italy	female	NA20800	
NA20801	EUR	European	TSI	Toscani in Italy	male	NA20801	
NA20802	EUR	European	TSI	Toscani in Italy	female	NA20802	
NA20803	EUR	European	TSI	Toscani in Italy	male	NA20803	
NA20804	EUR	European	TSI	Toscani in Italy	female	NA20804	
NA20805	EUR	European	TSI	Toscani in Italy	male	NA20805	
NA20806	EUR	European	TSI	Toscani in Italy	male	NA20806	
NA20807	EUR	European	TSI	Toscani in Italy	female	NA20807	
NA20808	EUR	European	TSI	Toscani in Italy	female	NA20808	
NA20809	EUR	European	TSI	Toscani in Italy	male	NA20809	
NA20810	EUR	European	TSI	Toscani in Italy	male	NA20810	
NA20811	EUR	European	TSI	Toscani in Italy	male	NA20811	
NA20812	EUR	European	TSI	Toscani in Italy	male	NA20812	
NA20813	EUR	European	TSI	Toscani in Italy	female	NA20813	
NA20814	EUR	European	TSI	Toscani in Italy	male	NA20814	
NA20815	EUR	European	TSI	Toscani in Italy	male	NA20815	
NA20818	EUR	European	TSI	Toscani in Italy	female	NA20818	
NA20819	EUR	European	TSI	Toscani in Italy	female	NA20819	
NA20821	EUR	European	TSI	Toscani in Italy	female	NA20821	unrel
NA20822	EUR	European	TSI	Toscani in Italy	female	NA20822	unrel
NA20826	EUR	European	TSI	Toscani in Italy	female	NA20826	
NA20827	EUR	European	TSI	Toscani in Italy	male	NA20827	unrel
NA20828	EUR	European	TSI	Toscani in Italy	female	NA20828	
NA20832	EUR	European	TSI	Toscani in Italy	female	NA20832	
NA20845	SAS	South Asian	GIH	Gujarati Indian in Houston,TX	male	NA20845	
NA20846	SAS	South Asian	GIH	Gujarati Indian in Houston,TX	male	NA20846	
NA20847	SAS	South Asian	GIH	Gujarati Indian in Houston,TX	female	NA20847	
NA20849	SAS	South Asian	GIH	Gujarati Indian in Houston,TX	female	NA20849	
NA20850	SAS	South Asian	GIH	Gujarati Indian in Houston,TX	male	NA20850	
NA20851	SAS	South Asian	GIH	Gujarati Indian in Houston,TX	female	NA20851	
NA20852	SAS	South Asian	GIH	Gujarati Indian in Houston,TX	male	NA20852	
NA20853	SAS	South Asian	GIH	Gujarati Indian in Houston,TX	female	NA20853	
NA20854	SAS	South Asian	GIH	Gujarati Indian in Houston,TX	female	NA20854	
NA20856	SAS	South Asian	GIH	Gujarati Indian in Houston,TX	female	NA20856	
NA20858	SAS	South Asian	GIH	Gujarati Indian in Houston,TX	male	NA20858	
NA20859	SAS	South Asian	GIH	Gujarati Indian in Houston,TX	female	NA20859	
NA20861	SAS	South Asian	GIH	Gujarati Indian in Houston,TX	male	NA20861	
NA20862	SAS	South Asian	GIH	Gujarati Indian in Houston,TX	female	NA20862	
NA20863	SAS	South Asian	GIH	Gujarati Indian in Houston,TX	male	NA20863	
NA20864	SAS	South Asian	GIH	Gujarati Indian in Houston,TX	male	NA20864	
NA20866	SAS	South Asian	GIH	Gujarati Indian in Houston,TX	male	NA20866	
NA20867	SAS	South Asian	GIH	Gujarati Indian in Houston,TX	male	NA20867	
NA20868	SAS	South Asian	GIH	Gujarati Indian in Houston,TX	female	GIH001	
NA20869	SAS	South Asian	GIH	Gujarati Indian in Houston,TX	female	NA20869	
NA20870	SAS	South Asian	GIH	Gujarati Indian in Houston,TX	male	NA20870	
NA20872	SAS	South Asian	GIH	Gujarati Indian in Houston,TX	female	NA20872	
NA20874	SAS	South Asian	GIH	Gujarati Indian in Houston,TX	female	NA20874	
NA20875	SAS	South Asian	GIH	Gujarati Indian in Houston,TX	female	NA20875	
NA20876	SAS	South Asian	GIH	Gujarati Indian in Houston,TX	female	NA20876	
NA20877	SAS	South Asian	GIH	Gujarati Indian in Houston,TX	female	NA20877	
NA20878	SAS	South Asian	GIH	Gujarati Indian in Houston,TX	female	NA20878	
NA20881	SAS	South Asian	GIH	Gujarati Indian in Houston,TX	female	NA20881	
NA20882	SAS	South Asian	GIH	Gujarati Indian in Houston,TX	female	NA20882	
NA20884	SAS	South Asian	GIH	Gujarati Indian in Houston,TX	male	NA20884	
NA20885	SAS	South Asian	GIH	Gujarati Indian in Houston,TX	male	NA20885	
NA20886	SAS	South Asian	GIH	Gujarati Indian in Houston,TX	female	GIH002	
NA20887	SAS	South Asian	GIH	Gujarati Indian in Houston,TX	male	NA20887	
NA20888	SAS	South Asian	GIH	Gujarati Indian in Houston,TX	female	NA20888	
NA20889	SAS	South Asian	GIH	Gujarati Indian in Houston,TX	male	NA20889	
NA20890	SAS	South Asian	GIH	Gujarati Indian in Houston,TX	male	NA20890	
NA20891	SAS	South Asian	GIH	Gujarati Indian in Houston,TX	male	NA20891	
NA20892	SAS	South Asian	GIH	Gujarati Indian in Houston,TX	female	NA20892	
NA20894	SAS	South Asian	GIH	Gujarati Indian in Houston,TX	female	NA20894	
NA20895	SAS	South Asian	GIH	Gujarati Indian in Houston,TX	male	NA20895	
NA20896	SAS	South Asian	GIH	Gujarati Indian in Houston,TX	female	NA20896	
NA20897	SAS	South Asian	GIH	Gujarati Indian in Houston,TX	male	NA20897	
NA20899	SAS	South Asian	GIH	Gujarati Indian in Houston,TX	female	NA20899	
NA20900	SAS	South Asian	GIH	Gujarati Indian in Houston,TX	female	NA20900	unrel
NA20901	SAS	South Asian	GIH	Gujarati Indian in Houston,TX	male	NA20901	
NA20902	SAS	South Asian	GIH	Gujarati Indian in Houston,TX	female	NA20902	
NA20903	SAS	South Asian	GIH	Gujarati Indian in Houston,TX	male	NA20903	
NA20904	SAS	South Asian	GIH	Gujarati Indian in Houston,TX	male	NA20904	
NA20905	SAS	South Asian	GIH	Gujarati Indian in Houston,TX	male	NA20905	
NA20906	SAS	South Asian	GIH	Gujarati Indian in Houston,TX	female	NA20906	
NA20908	SAS	South Asian	GIH	Gujarati Indian in Houston,TX	female	NA20908	
NA20910	SAS	South Asian	GIH	Gujarati Indian in Houston,TX	female	GIH003	
NA20911	SAS	South Asian	GIH	Gujarati Indian in Houston,TX	male	NA20911	
NA21086	SAS	South Asian	GIH	Gujarati Indian in Houston,TX	female	NA21086	
NA21087	SAS	South Asian	GIH	Gujarati Indian in Houston,TX	male	NA21087	
NA21088	SAS	South Asian	GIH	Gujarati Indian in Houston,TX	female	NA21088	
NA21089	SAS	South Asian	GIH	Gujarati Indian in Houston,TX	female	NA21089	
NA21090	SAS	South Asian	GIH	Gujarati Indian in Houston,TX	male	NA21090	
NA21091	SAS	South Asian	GIH	Gujarati Indian in Houston,TX	male	NA21091	
NA21092	SAS	South Asian	GIH	Gujarati Indian in Houston,TX	male	NA21092	
NA21093	SAS	South Asian	GIH	Gujarati Indian in Houston,TX	male	NA21093	
NA21094	SAS	South Asian	GIH	Gujarati Indian in Houston,TX	male	NA21094	
NA21095	SAS	South Asian	GIH	Gujarati Indian in Houston,TX	male	NA21095	
NA21097	SAS	South Asian	GIH	Gujarati Indian in Houston,TX	female	NA21097	
NA21098	SAS	South Asian	GIH	Gujarati Indian in Houston,TX	male	NA21098	
NA21099	SAS	South Asian	GIH	Gujarati Indian in Houston,TX	male	NA21099	
NA21100	SAS	South Asian	GIH	Gujarati Indian in Houston,TX	male	NA21100	
NA21101	SAS	South Asian	GIH	Gujarati Indian in Houston,TX	female	NA21101	
NA21102	SAS	South Asian	GIH	Gujarati Indian in Houston,TX	female	NA21102	
NA21103	SAS	South Asian	GIH	Gujarati Indian in Houston,TX	female	NA21103	
NA21104	SAS	South Asian	GIH	Gujarati Indian in Houston,TX	male	NA21104	
NA21105	SAS	South Asian	GIH	Gujarati Indian in Houston,TX	male	NA21105	
NA21106	SAS	South Asian	GIH	Gujarati Indian in Houston,TX	female	NA21106	
NA21107	SAS	South Asian	GIH	Gujarati Indian in Houston,TX	male	NA21107	
NA21108	SAS	South Asian	GIH	Gujarati Indian in Houston,TX	female	NA21108	
NA21109	SAS	South Asian	GIH	Gujarati Indian in Houston,TX	male	NA21109	
NA21110	SAS	South Asian	GIH	Gujarati Indian in Houston,TX	female	NA21110	
NA21111	SAS	South Asian	GIH	Gujarati Indian in Houston,TX	male	NA21111	
NA21112	SAS	South Asian	GIH	Gujarati Indian in Houston,TX	male	NA21112	
NA21113	SAS	South Asian	GIH	Gujarati Indian in Houston,TX	male	NA21113	
NA21114	SAS	South Asian	GIH	Gujarati Indian in Houston,TX	male	NA21114	
NA21115	SAS	South Asian	GIH	Gujarati Indian in Houston,TX	male	NA21115	
NA21116	SAS	South Asian	GIH	Gujarati Indian in Houston,TX	male	NA21116	
NA21117	SAS	South Asian	GIH	Gujarati Indian in Houston,TX	male	NA21117	
NA21118	SAS	South Asian	GIH	Gujarati Indian in Houston,TX	male	NA21118	
NA21119	SAS	South Asian	GIH	Gujarati Indian in Houston,TX	male	NA21119	
NA21120	SAS	South Asian	GIH	Gujarati Indian in Houston,TX	female	NA21120	
NA21122	SAS	South Asian	GIH	Gujarati Indian in Houston,TX	female	NA21122	
NA21123	SAS	South Asian	GIH	Gujarati Indian in Houston,TX	male	NA21123	
NA21124	SAS	South Asian	GIH	Gujarati Indian in Houston,TX	male	NA21124	unrel
NA21125	SAS	South Asian	GIH	Gujarati Indian in Houston,TX	female	NA21125	
NA21126	SAS	South Asian	GIH	Gujarati Indian in Houston,TX	male	NA21126	unrel
NA21127	SAS	South Asian	GIH	Gujarati Indian in Houston,TX	male	NA21127	unrel
NA21128	SAS	South Asian	GIH	Gujarati Indian in Houston,TX	male	NA21128	unrel
NA21129	SAS	South Asian	GIH	Gujarati Indian in Houston,TX	male	NA21129	unrel
NA21130	SAS	South Asian	GIH	Gujarati Indian in Houston,TX	male	NA21130	unrel
NA21133	SAS	South Asian	GIH	Gujarati Indian in Houston,TX	male	NA21133	unrel
NA21135	SAS	South Asian	GIH	Gujarati Indian in Houston,TX	male	NA21135	unrel
NA21137	SAS	South Asian	GIH	Gujarati Indian in Houston,TX	female	NA21137	
NA21141	SAS	South Asian	GIH	Gujarati Indian in Houston,TX	female	NA21141	
NA21142	SAS	South Asian	GIH	Gujarati Indian in Houston,TX	female	NA21142	
NA21143	SAS	South Asian	GIH	Gujarati Indian in Houston,TX	female	NA21143	
NA21144	SAS	South Asian	GIH	Gujarati Indian in Houston,TX	female	NA21144	
HG00104	EUR	European	GBR	British in England and Scotland	female	HG00104	
